"Data Source","World Development Indicators",

"Last Updated Date","2016-06-14",

"Country Name","Country Code","Indicator Name","Indicator Code","1960","1961","1962","1963","1964","1965","1966","1967","1968","1969","1970","1971","1972","1973","1974","1975","1976","1977","1978","1979","1980","1981","1982","1983","1984","1985","1986","1987","1988","1989","1990","1991","1992","1993","1994","1995","1996","1997","1998","1999","2000","2001","2002","2003","2004","2005","2006","2007","2008","2009","2010","2011","2012","2013","2014","2015",
"Aruba","ABW","Improved water source (% of population with access)","SH.H2O.SAFE.ZS","","","","","","","","","","","","","","","","","","","","","","","","","","","","","","","91","91.3","91.6","91.9","92.3","92.6","92.9","93.2","93.6","93.9","94.2","94.5","94.9","95.2","95.5","95.8","96.2","96.5","96.8","97.1","97.4","97.8","98.1","98.1","98.1","98.1",
"Andorra","AND","Improved water source (% of population with access)","SH.H2O.SAFE.ZS","","","","","","","","","","","","","","","","","","","","","","","","","","","","","","","100","100","100","100","100","100","100","100","100","100","100","100","100","100","100","100","100","100","100","100","100","100","100","100","100","100",
"Afghanistan","AFG","Improved water source (% of population with access)","SH.H2O.SAFE.ZS","","","","","","","","","","","","","","","","","","","","","","","","","","","","","","","","21.2","21.3","21.4","21.4","21.5","23.3","25","26.8","28.5","30.3","32","33.8","35.5","37.3","39.1","40.8","42.6","44.4","46.2","48","49.8","51.6","53.4","55.2","55.3",
"Angola","AGO","Improved water source (% of population with access)","SH.H2O.SAFE.ZS","","","","","","","","","","","","","","","","","","","","","","","","","","","","","","","45.7","45.8","45.8","45.9","46.3","46.1","45.9","45.8","45.7","45.7","45.7","45.7","45.7","45.8","45.9","46","46.2","46.4","46.6","46.9","47.1","47.5","47.8","48.2","48.6","49",
"Albania","ALB","Improved water source (% of population with access)","SH.H2O.SAFE.ZS","","","","","","","","","","","","","","","","","","","","","","","","","","","","","","","","","","","95.7","95.7","95.7","95.8","95.8","95.9","96.1","96.2","96.1","96.1","96.1","96","96","95.9","95.8","95.7","95.6","95.5","95.4","95.2","95.1","95.1",
"Arab World","ARB","Improved water source (% of population with access)","SH.H2O.SAFE.ZS","","","","","","","","","","","","","","","","","","","","","","","","","","","","","","","83.3459073058727","83.6437281869764","83.6241174953782","82.0333185168539","82.0964539800099","82.2485746791378","82.3310884565021","82.3499990297392","82.4211773907668","82.4793679506593","82.5534115144905","82.6107097365825","82.8996298167122","82.9699756157004","83.0668494374972","83.1374175119735","83.2175470847292","83.3074363826567","83.3571820139172","83.479708543172","83.5454110920041","83.7766079292506","85.4178502977972","87.8604969250022","87.8437572943258","92.0300887990295",
"United Arab Emirates","ARE","Improved water source (% of population with access)","SH.H2O.SAFE.ZS","","","","","","","","","","","","","","","","","","","","","","","","","","","","","","","99.7","99.7","99.7","99.7","99.7","99.7","99.7","99.7","99.7","99.7","99.7","99.7","99.7","99.7","99.7","99.7","99.7","99.6","99.6","99.6","99.6","99.6","99.6","99.6","99.6","99.6",
"Argentina","ARG","Improved water source (% of population with access)","SH.H2O.SAFE.ZS","","","","","","","","","","","","","","","","","","","","","","","","","","","","","","","93.8","94.1","94.3","94.6","94.9","95.1","95.4","95.6","95.8","96.1","96.3","96.5","96.7","96.9","97.1","97.3","97.5","97.7","97.9","98.1","98.2","98.4","98.6","98.8","98.9","99.1",
"Armenia","ARM","Improved water source (% of population with access)","SH.H2O.SAFE.ZS","","","","","","","","","","","","","","","","","","","","","","","","","","","","","","","","","90.7","90.7","90.6","90.5","90.5","91","91.5","92.1","92.6","93.1","93.7","94.3","94.9","95.5","96.1","96.7","97.3","97.9","98.4","99","99.7","99.9","100","100",
"American Samoa","ASM","Improved water source (% of population with access)","SH.H2O.SAFE.ZS","","","","","","","","","","","","","","","","","","","","","","","","","","","","","","","93.6","94","94.4","94.8","95.3","95.7","96.1","96.5","96.9","97.4","97.8","98.2","98.6","99","99.4","99.9","100","100","100","100","100","100","100","100","100","100",
"Antigua and Barbuda","ATG","Improved water source (% of population with access)","SH.H2O.SAFE.ZS","","","","","","","","","","","","","","","","","","","","","","","","","","","","","","","97.4","97.5","97.5","97.5","97.5","97.6","97.6","97.6","97.6","97.7","97.7","97.7","97.7","97.8","97.8","97.8","97.8","97.9","97.9","97.9","97.9","97.9","97.9","97.9","97.9","97.9",
"Australia","AUS","Improved water source (% of population with access)","SH.H2O.SAFE.ZS","","","","","","","","","","","","","","","","","","","","","","","","","","","","","","","100","100","100","100","100","100","100","100","100","100","100","100","100","100","100","100","100","100","100","100","100","100","100","100","100","100",
"Austria","AUT","Improved water source (% of population with access)","SH.H2O.SAFE.ZS","","","","","","","","","","","","","","","","","","","","","","","","","","","","","","","100","100","100","100","100","100","100","100","100","100","100","100","100","100","100","100","100","100","100","100","100","100","100","100","100","100",
"Azerbaijan","AZE","Improved water source (% of population with access)","SH.H2O.SAFE.ZS","","","","","","","","","","","","","","","","","","","","","","","","","","","","","","","69.1","69","68.9","68.8","69.5","70.2","70.9","71.7","72.4","73.2","74.1","75","75.8","76.7","77.6","78.5","79.3","80.2","81","81.9","82.8","83.6","84.5","85.3","86.2","87",
"Burundi","BDI","Improved water source (% of population with access)","SH.H2O.SAFE.ZS","","","","","","","","","","","","","","","","","","","","","","","","","","","","","","","68.8","69.1","69.4","69.7","70","70.3","70.6","70.9","71.2","71.5","71.8","72.1","72.4","72.7","73","73.3","73.5","73.8","74.1","74.4","74.7","75","75.3","75.5","75.8","75.9",
"Belgium","BEL","Improved water source (% of population with access)","SH.H2O.SAFE.ZS","","","","","","","","","","","","","","","","","","","","","","","","","","","","","","","100","100","100","100","100","100","100","100","100","100","100","100","100","100","100","100","100","100","100","100","100","100","100","100","100","100",
"Benin","BEN","Improved water source (% of population with access)","SH.H2O.SAFE.ZS","","","","","","","","","","","","","","","","","","","","","","","","","","","","","","","57.1","58.1","59.1","59.9","60.8","61.7","62.6","63.4","64.3","65.1","66","66.9","67.7","68.6","69.4","70.3","71.1","72","72.8","73.7","74.5","75.3","76.2","77","77.8","77.9",
"Burkina Faso","BFA","Improved water source (% of population with access)","SH.H2O.SAFE.ZS","","","","","","","","","","","","","","","","","","","","","","","","","","","","","","","43.6","43.7","45.4","47.2","49","50.7","52.5","54.3","56.2","58","59.9","61.8","63.6","65.4","67.3","69.1","71","72.8","74.6","76.4","78.2","80","81.7","81.9","82.1","82.3",
"Bangladesh","BGD","Improved water source (% of population with access)","SH.H2O.SAFE.ZS","","","","","","","","","","","","","","","","","","","","","","","","","","","","","","","68.1","68.9","69.7","70.5","71.3","72.1","72.9","73.6","74.4","75.2","76","76.7","77.5","78.3","79.1","79.8","80.6","81.3","82","82.7","83.5","84.2","84.8","85.5","86.2","86.9",
"Bulgaria","BGR","Improved water source (% of population with access)","SH.H2O.SAFE.ZS","","","","","","","","","","","","","","","","","","","","","","","","","","","","","","","99.9","99.9","99.9","99.9","99.9","99.8","99.8","99.8","99.8","99.8","99.7","99.7","99.7","99.7","99.6","99.6","99.6","99.6","99.6","99.5","99.5","99.5","99.5","99.5","99.4","99.4",
"Bahrain","BHR","Improved water source (% of population with access)","SH.H2O.SAFE.ZS","","","","","","","","","","","","","","","","","","","","","","","","","","","","","","","94.9","94.9","94.9","94.9","95.4","96","96.6","97.1","97.7","98.3","98.9","99.4","100","100","100","100","100","100","100","100","100","100","100","100","100","100",
"Bahamas, The","BHS","Improved water source (% of population with access)","SH.H2O.SAFE.ZS","","","","","","","","","","","","","","","","","","","","","","","","","","","","","","","","","","96.3","96.3","96.3","96.3","96.3","96.3","96.4","96.6","96.7","96.9","97","97.2","97.3","97.5","97.6","97.8","97.9","98.1","98.2","98.4","98.4","98.4","98.4",
"Bosnia and Herzegovina","BIH","Improved water source (% of population with access)","SH.H2O.SAFE.ZS","","","","","","","","","","","","","","","","","","","","","","","","","","","","","","","97.1","97.1","97.1","97.1","97.1","97.1","97.1","97.1","97.1","97.3","97.5","97.7","97.8","98","98.2","98.3","98.5","98.7","98.8","99","99.2","99.4","99.5","99.7","99.9","99.9",
"Belarus","BLR","Improved water source (% of population with access)","SH.H2O.SAFE.ZS","","","","","","","","","","","","","","","","","","","","","","","","","","","","","","","99.5","99.5","99.5","99.5","99.5","99.5","99.5","99.5","99.5","99.5","99.5","99.5","99.5","99.5","99.5","99.5","99.6","99.6","99.6","99.6","99.6","99.6","99.7","99.7","99.7","99.7",
"Belize","BLZ","Improved water source (% of population with access)","SH.H2O.SAFE.ZS","","","","","","","","","","","","","","","","","","","","","","","","","","","","","","","72.9","74.1","75.3","76.5","77.8","79","80.2","81.4","82.7","83.9","85.1","86.3","87.5","88.7","89.9","91.1","92.3","93.5","94.7","96","97.2","98.5","99.3","99.5","99.5","99.5",
"Bermuda","BMU","Improved water source (% of population with access)","SH.H2O.SAFE.ZS","","","","","","","","","","","","","","","","","","","","","","","","","","","","","","","","","","","","","","","","","","","","","","","","","","","","","","","","",
"Bolivia","BOL","Improved water source (% of population with access)","SH.H2O.SAFE.ZS","","","","","","","","","","","","","","","","","","","","","","","","","","","","","","","68.2","69.5","70.8","71.8","72.9","73.9","74.9","75.8","76.7","77.7","78.6","79.5","80.3","81.2","82.1","82.9","83.7","84.6","85.4","86.2","86.9","87.7","88.5","89.2","90","90",
"Brazil","BRA","Improved water source (% of population with access)","SH.H2O.SAFE.ZS","","","","","","","","","","","","","","","","","","","","","","","","","","","","","","","88.5","89","89.6","90.1","90.6","91.1","91.6","92.1","92.5","93","93.5","93.8","94.2","94.5","94.9","95.2","95.6","95.9","96.2","96.5","96.9","97.2","97.5","97.8","98.1","98.1",
"Barbados","BRB","Improved water source (% of population with access)","SH.H2O.SAFE.ZS","","","","","","","","","","","","","","","","","","","","","","","","","","","","","","","96.1","96.3","96.4","96.6","96.7","96.9","97","97.2","97.3","97.5","97.6","97.8","97.9","98.1","98.2","98.4","98.5","98.7","98.8","99","99.1","99.3","99.4","99.6","99.7","99.7",
"Brunei Darussalam","BRN","Improved water source (% of population with access)","SH.H2O.SAFE.ZS","","","","","","","","","","","","","","","","","","","","","","","","","","","","","","","","","","","","","","","","","","","","","","","","","","","","","","","","",
"Bhutan","BTN","Improved water source (% of population with access)","SH.H2O.SAFE.ZS","","","","","","","","","","","","","","","","","","","","","","","","","","","","","","","72","72.2","72.4","73.9","75.4","76.9","78.3","79.8","81.2","82.6","83.9","85.3","86.6","87.9","89.1","90.4","91.5","92.7","93.8","94.9","96","97","98","99.1","100","100",
"Botswana","BWA","Improved water source (% of population with access)","SH.H2O.SAFE.ZS","","","","","","","","","","","","","","","","","","","","","","","","","","","","","","","92.2","92.8","93.1","93.3","93.5","93.7","93.9","94.1","94.3","94.5","94.7","94.9","95","95.1","95.2","95.3","95.4","95.5","95.7","95.8","95.9","96","96.1","96.2","96.2","96.2",
"Central African Republic","CAF","Improved water source (% of population with access)","SH.H2O.SAFE.ZS","","","","","","","","","","","","","","","","","","","","","","","","","","","","","","","58.8","58.8","58.8","59.3","59.7","60.2","60.6","61.1","61.6","62","62.5","62.9","63.4","63.8","64.3","64.8","65.2","65.7","66.2","66.7","67.2","67.7","68.2","68.3","68.4","68.5",
"Canada","CAN","Improved water source (% of population with access)","SH.H2O.SAFE.ZS","","","","","","","","","","","","","","","","","","","","","","","","","","","","","","","99.8","99.8","99.8","99.8","99.8","99.8","99.8","99.8","99.8","99.8","99.8","99.8","99.8","99.8","99.8","99.8","99.8","99.8","99.8","99.8","99.8","99.8","99.8","99.8","99.8","99.8",
"Central Europe and the Baltics","CEB","Improved water source (% of population with access)","SH.H2O.SAFE.ZS","","","","","","","","","","","","","","","","","","","","","","","","","","","","","","","91.6015894161546","91.9517798309727","92.3239868809994","92.6612429326315","92.993262264159","93.2625703582361","93.5881093330175","93.9279859161632","94.2518034840284","94.5936651727388","94.8713957338815","95.2386399492915","95.5999370468566","95.9608417700913","96.2769152006605","96.6246266823751","96.9805467402999","97.3137552613736","97.6590987335033","97.9916258436124","98.2707364973271","98.5756144405192","98.8601824165295","99.1453468184144","99.1924479261056","99.191628961468",
"Switzerland","CHE","Improved water source (% of population with access)","SH.H2O.SAFE.ZS","","","","","","","","","","","","","","","","","","","","","","","","","","","","","","","100","100","100","100","100","100","100","100","100","100","100","100","100","100","100","100","100","100","100","100","100","100","100","100","100","100",
"Channel Islands","CHI","Improved water source (% of population with access)","SH.H2O.SAFE.ZS","","","","","","","","","","","","","","","","","","","","","","","","","","","","","","","","","","","","","","","","","","","","","","","","","","","","","","","","",
"Chile","CHL","Improved water source (% of population with access)","SH.H2O.SAFE.ZS","","","","","","","","","","","","","","","","","","","","","","","","","","","","","","","90.4","90.9","91.3","91.8","92.3","92.7","93.2","93.6","94.1","94.5","94.9","95.3","95.6","96","96.3","96.7","97","97.3","97.6","97.9","98.2","98.5","98.7","99","99","99",
"China","CHN","Improved water source (% of population with access)","SH.H2O.SAFE.ZS","","","","","","","","","","","","","","","","","","","","","","","","","","","","","","","66.9","68.3","69.8","71.2","72.5","73.9","75.2","76.5","77.8","79.1","80.3","81.6","82.8","84","85.2","86.3","87.4","88.5","89.5","90.5","91.4","92.3","93.2","94","94.8","95.5",
"Cote d'Ivoire","CIV","Improved water source (% of population with access)","SH.H2O.SAFE.ZS","","","","","","","","","","","","","","","","","","","","","","","","","","","","","","","75.9","76.1","76.3","76.5","76.7","76.9","77.1","77.3","77.5","77.7","77.9","78.2","78.5","78.7","79","79.2","79.5","79.8","80.1","80.4","80.7","80.9","81.2","81.5","81.8","81.9",
"Cameroon","CMR","Improved water source (% of population with access)","SH.H2O.SAFE.ZS","","","","","","","","","","","","","","","","","","","","","","","","","","","","","","","51.3","52.3","53.4","54.4","55.5","56.5","57.6","58.6","59.7","60.7","61.7","62.8","63.8","64.9","65.9","66.9","68","69","70","71","72.1","73.1","74.1","75.1","75.4","75.6",
"Congo, Rep.","COG","Improved water source (% of population with access)","SH.H2O.SAFE.ZS","","","","","","","","","","","","","","","","","","","","","","","","","","","","","","","","","","","","","","68.3","68.6","68.9","69.2","69.5","70.1","70.6","71.2","71.7","72.2","72.8","73.3","73.8","74.3","74.8","75.3","75.8","76.3","76.5",
"Colombia","COL","Improved water source (% of population with access)","SH.H2O.SAFE.ZS","","","","","","","","","","","","","","","","","","","","","","","","","","","","","","","88.4","88.6","88.8","89","89.1","89.2","89.4","89.5","89.6","89.7","89.9","90","90.1","90.2","90.3","90.5","90.6","90.7","90.8","90.9","91","91.1","91.2","91.3","91.3","91.4",
"Comoros","COM","Improved water source (% of population with access)","SH.H2O.SAFE.ZS","","","","","","","","","","","","","","","","","","","","","","","","","","","","","","","90.1","90.1","90.1","90.1","90.1","90.1","90.1","90.1","90.1","90.1","90.1","90.1","90.1","90.1","90.1","90.1","90.1","90.1","90.1","90.1","90.1","90.1","90.1","90.1","90.1","90.1",
"Cabo Verde","CPV","Improved water source (% of population with access)","SH.H2O.SAFE.ZS","","","","","","","","","","","","","","","","","","","","","","","","","","","","","","","","","79.8","79.8","79.9","79.9","79.9","80.5","81.1","81.8","82.4","83","83.7","84.3","85","85.6","86.3","86.9","87.6","88.3","88.9","89.6","90.3","91","91.7","91.7",
"Costa Rica","CRI","Improved water source (% of population with access)","SH.H2O.SAFE.ZS","","","","","","","","","","","","","","","","","","","","","","","","","","","","","","","92.9","93.1","93.3","93.6","93.8","94","94.2","94.4","94.7","94.9","95.1","95.3","95.5","95.8","96","96.2","96.4","96.6","96.8","97","97.2","97.3","97.5","97.6","97.7","97.8",
"Caribbean small states","CSS","Improved water source (% of population with access)","SH.H2O.SAFE.ZS","","","","","","","","","","","","","","","","","","","","","","","","","","","","","","","90.294929266544","90.465384384046","90.6670222332523","91.14374578783","91.1772412808876","91.4084962937386","91.5726198986986","91.8086911712011","91.9948867148881","92.2066404998623","92.4621129109321","92.7014764998205","92.920992456098","93.2056296357205","93.4356308584953","93.6505374409193","93.8813644371823","94.1580887850488","94.3690241483592","94.6176502599768","94.8543810023348","95.1377874948995","95.321975106268","95.4398509708276","95.5409642597179","95.6341260744986",
"Cuba","CUB","Improved water source (% of population with access)","SH.H2O.SAFE.ZS","","","","","","","","","","","","","","","","","","","","","","","","","","","","","","","","","","","89.5","89.6","89.7","89.8","89.9","90.2","90.6","90.9","91.2","91.5","91.8","92.1","92.4","92.7","92.9","93.2","93.5","93.8","94.1","94.3","94.6","94.9",
"Curacao","CUW","Improved water source (% of population with access)","SH.H2O.SAFE.ZS","","","","","","","","","","","","","","","","","","","","","","","","","","","","","","","","","","","","","","","","","","","","","","","","","","","","","","","","",
"Cayman Islands","CYM","Improved water source (% of population with access)","SH.H2O.SAFE.ZS","","","","","","","","","","","","","","","","","","","","","","","","","","","","","","","","","","92.3","92.3","92.3","92.3","92.3","92.7","93","93.3","93.7","94","94.3","94.7","95","95.4","95.7","96","96.4","96.7","97","97.4","97.4","97.4","97.4",
"Cyprus","CYP","Improved water source (% of population with access)","SH.H2O.SAFE.ZS","","","","","","","","","","","","","","","","","","","","","","","","","","","","","","","100","100","100","100","100","100","100","100","100","100","100","100","100","100","100","100","100","100","100","100","100","100","100","100","100","100",
"Czech Republic","CZE","Improved water source (% of population with access)","SH.H2O.SAFE.ZS","","","","","","","","","","","","","","","","","","","","","","","","","","","","","","","99.8","99.8","99.8","99.8","99.8","99.8","99.8","99.8","99.8","99.8","99.8","99.8","99.8","99.8","99.8","99.9","99.9","99.9","99.9","99.9","100","100","100","100","100","100",
"Germany","DEU","Improved water source (% of population with access)","SH.H2O.SAFE.ZS","","","","","","","","","","","","","","","","","","","","","","","","","","","","","","","100","100","100","100","100","100","100","100","100","100","100","100","100","100","100","100","100","100","100","100","100","100","100","100","100","100",
"Djibouti","DJI","Improved water source (% of population with access)","SH.H2O.SAFE.ZS","","","","","","","","","","","","","","","","","","","","","","","","","","","","","","","78.1","78.1","78.2","78.2","78.2","78.9","79.6","80.2","80.9","81.6","82.3","83","83.7","84.4","85.1","85.7","86.4","87.1","87.8","88.5","89.2","89.9","89.9","89.9","90","90",
"Dominica","DMA","Improved water source (% of population with access)","SH.H2O.SAFE.ZS","","","","","","","","","","","","","","","","","","","","","","","","","","","","","","","","","","","","94.5","94.5","94.5","94.5","94.5","94.5","94.5","94.4","94.4","94.4","94.4","94.4","94.4","","","","","","","","",
"Denmark","DNK","Improved water source (% of population with access)","SH.H2O.SAFE.ZS","","","","","","","","","","","","","","","","","","","","","","","","","","","","","","","100","100","100","100","100","100","100","100","100","100","100","100","100","100","100","100","100","100","100","100","100","100","100","100","100","100",
"Dominican Republic","DOM","Improved water source (% of population with access)","SH.H2O.SAFE.ZS","","","","","","","","","","","","","","","","","","","","","","","","","","","","","","","87.3","87.2","87.1","87.1","87","87","87","87","87","86.9","86.8","86.8","86.7","86.6","86.6","86.5","86.4","86.3","86.2","86","85.9","85.7","85.4","85.2","85","84.7",
"Algeria","DZA","Improved water source (% of population with access)","SH.H2O.SAFE.ZS","","","","","","","","","","","","","","","","","","","","","","","","","","","","","","","91.5","91.6","91.7","91.8","91.5","91.2","90.9","90.5","90.2","89.9","89.5","89.2","88.8","88.5","88.1","87.7","87.4","87","86.6","86.2","85.7","85.3","84.9","84.5","84","83.6",
"East Asia & Pacific (developing only)","EAP","Improved water source (% of population with access)","SH.H2O.SAFE.ZS","","","","","","","","","","","","","","","","","","","","","","","","","","","","","","","68.5319906106287","69.7146742682681","70.9767736370021","72.1734395521858","73.2271448844264","74.4399958618664","75.5862525528299","76.7404463061184","77.8914526415063","79.0340738242919","80.1205533325929","81.2568542093398","82.3211792309383","83.375310052309","84.4223114239303","85.4075699809098","86.3788048037704","87.3599859721233","88.2523361340869","89.1414202747067","89.9813144855363","90.8068423703537","91.6162935791011","92.3226094888805","93.0445061122718","93.6682867170157",
"East Asia & Pacific (all income levels)","EAS","Improved water source (% of population with access)","SH.H2O.SAFE.ZS","","","","","","","","","","","","","","","","","","","","","","","","","","","","","","","71.187976309578","72.6637479229416","73.7761824693644","74.8352348946945","75.7617442808054","76.8421352650807","77.8716810954617","78.9091744274761","79.9447734374294","80.9741413929963","81.9533346314984","82.9831245066593","83.9463856563869","84.903266572463","85.8513557948266","86.744814631552","87.6283254626408","88.5214122212035","89.3368136819638","90.1370871854969","90.8928854417384","91.6353668511997","92.3637808867524","92.8928826798894","93.5585539804108","94.1336287017812",
"Europe & Central Asia (developing only)","ECA","Improved water source (% of population with access)","SH.H2O.SAFE.ZS","","","","","","","","","","","","","","","","","","","","","","","","","","","","","","","87.2740804883019","87.5196427510615","87.879826651192","87.2667422652835","89.3613717070174","89.5851241606632","89.830658839869","90.0946915896732","90.3859174145737","90.7073822133784","91.0223552775939","91.3039135428155","91.5916413366823","91.9239686780903","92.2214323641767","92.4965682390154","92.7886597009403","93.741067071048","94.0192553405754","94.3013607385901","94.6167490406331","94.8855160956395","95.1428017256395","96.4370597142376","96.5656004480197","96.5909082488687",
"Europe & Central Asia (all income levels)","ECS","Improved water source (% of population with access)","SH.H2O.SAFE.ZS","","","","","","","","","","","","","","","","","","","","","","","","","","","","","","","95.4967285452279","95.5877162065517","95.627454181934","95.4864979893494","95.5380567677379","95.6508836168866","95.75385583004","95.8645871136781","95.9936742898616","96.1215937239794","96.2594539143198","96.3781997272804","96.5206643660801","96.6592314705422","96.793674415911","96.9113104253142","97.0491584413906","97.3744717776822","97.5065274173956","97.6172094087331","97.730020456889","97.8497058360697","97.9460842692721","98.4291986709868","98.4834978594629","98.4892936280728",
"Ecuador","ECU","Improved water source (% of population with access)","SH.H2O.SAFE.ZS","","","","","","","","","","","","","","","","","","","","","","","","","","","","","","","73.8","74.4","75","75.6","76.2","76.8","77.3","77.9","78.5","79.1","79.7","80.3","80.8","81.3","81.8","82.3","82.8","83.3","83.9","84.4","84.9","85.4","85.9","86.4","86.9","86.9",
"Egypt, Arab Rep.","EGY","Improved water source (% of population with access)","SH.H2O.SAFE.ZS","","","","","","","","","","","","","","","","","","","","","","","","","","","","","","","93.4","93.7","93.9","94.1","94.4","94.6","94.9","95.1","95.4","95.6","95.9","96.1","96.4","96.6","96.9","97.1","97.3","97.6","97.8","98.1","98.3","98.6","98.8","99.1","99.2","99.4",
"Euro area","EMU","Improved water source (% of population with access)","SH.H2O.SAFE.ZS","","","","","","","","","","","","","","","","","","","","","","","","","","","","","","","99.5656786908521","99.5790284255388","99.5949044278007","99.6110335826039","99.6301088360152","99.6456043426636","99.6576791134585","99.6747483771836","99.6883942996926","99.7035477674861","99.7182432472805","99.7310799434228","99.7538803588721","99.7837069070696","99.7980335921806","99.8150937088136","99.8346421988485","99.8474714771773","99.865526975308","99.881639760351","99.8941836082362","99.9073050234147","99.9176811240944","99.9275992688171","99.9331501110058","99.9331999444787",
"Eritrea","ERI","Improved water source (% of population with access)","SH.H2O.SAFE.ZS","","","","","","","","","","","","","","","","","","","","","","","","","","","","","","","47.3","47.3","47.3","47.4","47.9","48.4","48.9","49.4","49.9","50.5","51","51.5","52.1","52.6","53.1","53.7","54.2","54.8","55.3","55.9","56.4","57","57.5","57.6","57.7","57.8",
"Spain","ESP","Improved water source (% of population with access)","SH.H2O.SAFE.ZS","","","","","","","","","","","","","","","","","","","","","","","","","","","","","","","99.9","99.9","99.9","99.9","99.9","99.9","99.9","99.9","99.9","99.9","99.9","99.9","99.9","100","100","100","100","100","100","100","100","100","100","100","100","100",
"Estonia","EST","Improved water source (% of population with access)","SH.H2O.SAFE.ZS","","","","","","","","","","","","","","","","","","","","","","","","","","","","","","","99","98.9","98.9","98.9","98.9","98.9","98.9","98.9","98.9","99","99","99","99.1","99.1","99.2","99.2","99.3","99.3","99.4","99.4","99.5","99.5","99.5","99.6","99.6","99.6",
"Ethiopia","ETH","Improved water source (% of population with access)","SH.H2O.SAFE.ZS","","","","","","","","","","","","","","","","","","","","","","","","","","","","","","","13.2","13.4","13.6","15.6","17.6","19.5","21.4","23.3","25.2","27","28.9","30.8","32.7","34.5","36.4","38.3","40.1","42","43.9","45.9","47.8","49.7","51.6","53.5","55.4","57.3",
"European Union","EUU","Improved water source (% of population with access)","SH.H2O.SAFE.ZS","","","","","","","","","","","","","","","","","","","","","","","","","","","","","","","97.886765951067","97.985389765508","98.0870521743387","98.1749258362183","98.2635301805621","98.3353122126099","98.4196662757267","98.5074392227399","98.5910098841522","98.6774809672202","98.7545311060851","98.8489234494453","98.9470125817028","99.0471612871978","99.1259319736073","99.2125338692727","99.3016883904287","99.3819538746208","99.4653923687424","99.5442817262495","99.6097052787634","99.6796657218703","99.742478479","99.8056010257425","99.8163937996905","99.8167233031665",
"Fragile and conflict affected situations","FCS","Improved water source (% of population with access)","SH.H2O.SAFE.ZS","","","","","","","","","","","","","","","","","","","","","","","","","","","","","","","59.8912920485865","58.3981368083782","58.4813640357138","57.6203840065493","58.1345927516878","58.3971924584139","58.7772276554551","59.1886305166968","59.609751784059","60.0211348477332","60.4497689529437","60.8315466810544","61.0607503383072","61.4184675771918","61.8233135865274","62.2284559979519","62.6220471018696","63.06131781572","63.4769236524815","63.9376696306287","64.3785022980902","64.7764076968933","66.0295275450102","67.0535151540084","67.3517483121009","68.7306698669104",
"Finland","FIN","Improved water source (% of population with access)","SH.H2O.SAFE.ZS","","","","","","","","","","","","","","","","","","","","","","","","","","","","","","","100","100","100","100","100","100","100","100","100","100","100","100","100","100","100","100","100","100","100","100","100","100","100","100","100","100",
"Fiji","FJI","Improved water source (% of population with access)","SH.H2O.SAFE.ZS","","","","","","","","","","","","","","","","","","","","","","","","","","","","","","","86","86.2","86.7","87.2","87.8","88.3","88.8","89.3","89.7","90.2","90.7","91.1","91.6","92","92.5","92.9","93.4","93.8","94.3","94.7","95.1","95.6","95.6","95.6","95.7","95.7",
"France","FRA","Improved water source (% of population with access)","SH.H2O.SAFE.ZS","","","","","","","","","","","","","","","","","","","","","","","","","","","","","","","100","100","100","100","100","100","100","100","100","100","100","100","100","100","100","100","100","100","100","100","100","100","100","100","100","100",
"Faroe Islands","FRO","Improved water source (% of population with access)","SH.H2O.SAFE.ZS","","","","","","","","","","","","","","","","","","","","","","","","","","","","","","","","","","","","","","","","","","","","","","","","","","","","","","","","",
"Micronesia, Fed. Sts.","FSM","Improved water source (% of population with access)","SH.H2O.SAFE.ZS","","","","","","","","","","","","","","","","","","","","","","","","","","","","","","","91","91","91","90.9","90.8","90.7","90.6","90.5","90.4","90.3","90.1","90","90","89.9","89.8","89.7","89.6","89.5","89.4","89.3","89.2","89.1","89","89","89","89",
"Gabon","GAB","Improved water source (% of population with access)","SH.H2O.SAFE.ZS","","","","","","","","","","","","","","","","","","","","","","","","","","","","","","","","","","","79.4","80","80.6","81.2","81.8","82.8","83.8","84.7","85.6","86.4","87.2","87.9","88.6","89.3","89.9","90.5","91.1","91.6","92.2","92.7","93.2","93.2",
"United Kingdom","GBR","Improved water source (% of population with access)","SH.H2O.SAFE.ZS","","","","","","","","","","","","","","","","","","","","","","","","","","","","","","","100","100","100","100","100","100","100","100","100","100","100","100","100","100","100","100","100","100","100","100","100","100","100","100","100","100",
"Georgia","GEO","Improved water source (% of population with access)","SH.H2O.SAFE.ZS","","","","","","","","","","","","","","","","","","","","","","","","","","","","","","","85.4","85.3","85.3","85.2","85.1","85.8","86.5","87.2","87.9","88.6","89.3","90","90.8","91.5","92.3","93","93.8","94.6","95.3","96.1","96.8","97.6","98.3","99","99.6","100",
"Ghana","GHA","Improved water source (% of population with access)","SH.H2O.SAFE.ZS","","","","","","","","","","","","","","","","","","","","","","","","","","","","","","","55.5","57.1","58.7","60.2","61.7","63.2","64.7","66.2","67.6","69.1","70.5","71.8","73.1","74.5","75.8","77","78.3","79.5","80.7","81.9","83.1","84.3","85.4","86.5","87.6","88.7",
"Guinea","GIN","Improved water source (% of population with access)","SH.H2O.SAFE.ZS","","","","","","","","","","","","","","","","","","","","","","","","","","","","","","","52.4","53.4","54.5","55.5","56.5","57.6","58.6","59.6","60.7","61.7","62.7","63.7","64.8","65.8","66.8","67.8","68.8","69.8","70.8","71.8","72.8","73.8","74.8","75.7","76.7","76.8",
"Gambia, The","GMB","Improved water source (% of population with access)","SH.H2O.SAFE.ZS","","","","","","","","","","","","","","","","","","","","","","","","","","","","","","","75.8","76.5","77.2","78","78.6","79.3","80","80.7","81.3","82","82.7","83.3","84","84.6","85.2","85.9","86.5","87.1","87.7","88.3","88.9","89.5","90.1","90.1","90.2","90.2",
"Guinea-Bissau","GNB","Improved water source (% of population with access)","SH.H2O.SAFE.ZS","","","","","","","","","","","","","","","","","","","","","","","","","","","","","","","35.9","37.5","39.1","40.6","42.2","43.8","45.4","47.1","48.7","50.4","52.1","53.8","55.5","57.2","59","60.7","62.5","64.3","66.1","68","69.8","71.7","73.6","75.5","77.4","79.3",
"Equatorial Guinea","GNQ","Improved water source (% of population with access)","SH.H2O.SAFE.ZS","","","","","","","","","","","","","","","","","","","","","","","","","","","","","","","","","","","47.3","47.3","47.3","47.3","47.3","47.3","47.3","47.3","47.3","47.3","47.3","47.3","47.4","47.4","47.4","47.5","47.5","47.6","47.7","47.7","47.8","47.9",
"Greece","GRC","Improved water source (% of population with access)","SH.H2O.SAFE.ZS","","","","","","","","","","","","","","","","","","","","","","","","","","","","","","","97.6","97.7","97.8","97.9","98.1","98.2","98.3","98.5","98.6","98.7","98.8","98.9","99.1","99.2","99.3","99.4","99.6","99.7","99.8","99.9","100","100","100","100","100","100",
"Grenada","GRD","Improved water source (% of population with access)","SH.H2O.SAFE.ZS","","","","","","","","","","","","","","","","","","","","","","","","","","","","","","","96.5","96.5","96.5","96.6","96.6","96.6","96.6","96.6","96.6","96.6","96.6","96.6","96.6","96.6","96.6","96.6","96.6","96.6","96.6","96.6","96.6","96.6","96.6","96.6","96.6","96.6",
"Greenland","GRL","Improved water source (% of population with access)","SH.H2O.SAFE.ZS","","","","","","","","","","","","","","","","","","","","","","","","","","","","","","","100","100","100","100","100","100","100","100","100","100","100","100","100","100","100","100","100","100","100","100","100","100","100","100","100","100",
"Guatemala","GTM","Improved water source (% of population with access)","SH.H2O.SAFE.ZS","","","","","","","","","","","","","","","","","","","","","","","","","","","","","","","76.7","77.4","78.1","78.9","79.6","80.3","81","81.7","82.4","83.1","83.9","84.6","85.2","85.9","86.6","87.3","88","88.7","89.4","90","90.7","91.4","92","92.7","92.7","92.8",
"Guam","GUM","Improved water source (% of population with access)","SH.H2O.SAFE.ZS","","","","","","","","","","","","","","","","","","","","","","","","","","","","","","","99.7","99.6","99.6","99.6","99.6","99.6","99.6","99.6","99.6","99.6","99.6","99.6","99.6","99.6","99.6","99.6","99.6","99.6","99.5","99.5","99.5","99.5","99.5","99.5","99.5","99.5",
"Guyana","GUY","Improved water source (% of population with access)","SH.H2O.SAFE.ZS","","","","","","","","","","","","","","","","","","","","","","","","","","","","","","","79.2","79.2","80","80.7","81.5","82.3","83.1","83.9","84.7","85.5","86.2","87","87.8","88.6","89.4","90.2","91","91.8","92.6","93.4","94.2","95.1","95.9","96.7","97.5","98.3",
"High income","HIC","Improved water source (% of population with access)","SH.H2O.SAFE.ZS","","","","","","","","","","","","","","","","","","","","","","","","","","","","","","","97.7340316444317","97.4804794044193","97.5480064667936","97.6164294802456","97.6740701425068","97.7364879447604","97.8277786874089","97.8939581434919","97.9703194688516","98.0648304151692","98.1380004785413","98.2069011612262","98.3212672971107","98.3915478443515","98.4654439342217","98.5531143640886","98.6297921476616","98.6831191491414","98.7524820543612","98.8105727621702","98.8401775177452","98.8823917987916","98.9103673894238","99.0287585895205","99.0435455767049","99.046866899459",
"Hong Kong SAR, China","HKG","Improved water source (% of population with access)","SH.H2O.SAFE.ZS","","","","","","","","","","","","","","","","","","","","","","","","","","","","","","","","","","","","","","","","","","","","","","","","","","","","","","","","",
"Honduras","HND","Improved water source (% of population with access)","SH.H2O.SAFE.ZS","","","","","","","","","","","","","","","","","","","","","","","","","","","","","","","73.1","73.9","74.7","75.5","76.2","77","77.8","78.6","79.3","80.1","80.8","81.5","82.3","83","83.8","84.5","85.2","85.9","86.6","87.3","88","88.7","89.3","90","90.6","91.2",
"Heavily indebted poor countries (HIPC)","HPC","Improved water source (% of population with access)","SH.H2O.SAFE.ZS","","","","","","","","","","","","","","","","","","","","","","","","","","","","","","","45.2193736243719","44.9453186189005","45.4888196377377","45.8347091058942","46.6741143893613","47.4490452097395","48.2978242113196","49.2997948002874","50.1748844979228","51.0340863889621","51.8900903315733","52.7594420462158","53.6194752807635","54.4629815078866","55.348222644338","56.2363126172547","57.1090929439281","58.0204276088412","58.908567965232","59.8209046288673","60.7104392122676","61.6827629283655","63.075364095529","63.9476468098586","64.7447910356971","65.9158419417325",
"Croatia","HRV","Improved water source (% of population with access)","SH.H2O.SAFE.ZS","","","","","","","","","","","","","","","","","","","","","","","","","","","","","","","98.2","98.2","98.2","98.2","98.2","98.2","98.2","98.3","98.3","98.3","98.3","98.3","98.4","98.5","98.6","98.7","98.8","98.9","99","99.1","99.2","99.3","99.4","99.5","99.6","99.6",
"Haiti","HTI","Improved water source (% of population with access)","SH.H2O.SAFE.ZS","","","","","","","","","","","","","","","","","","","","","","","","","","","","","","","61.9","62.4","62.8","62.6","62.4","62.2","61.9","61.7","61.4","61.1","60.8","60.8","60.8","60.8","60.7","60.6","60.4","60.2","59.9","59.6","59.3","58.9","58.5","58","57.5","57.7",
"Hungary","HUN","Improved water source (% of population with access)","SH.H2O.SAFE.ZS","","","","","","","","","","","","","","","","","","","","","","","","","","","","","","","96.1","96.3","96.5","96.7","96.9","97.1","97.3","97.5","97.7","98","98.2","98.4","98.6","98.8","99","99.2","99.4","99.7","99.9","100","100","100","100","100","100","100",
"Indonesia","IDN","Improved water source (% of population with access)","SH.H2O.SAFE.ZS","","","","","","","","","","","","","","","","","","","","","","","","","","","","","","","69.5","70.3","71.2","72","72.8","73.7","74.5","75.4","76.3","77.1","77.9","78.6","79.3","80","80.6","81.3","81.9","82.6","83.2","83.8","84.5","85.1","85.7","86.2","86.8","87.4",
"Isle of Man","IMN","Improved water source (% of population with access)","SH.H2O.SAFE.ZS","","","","","","","","","","","","","","","","","","","","","","","","","","","","","","","","","","","","","","","","","","","","","","","","","","","","","","","","",
"India","IND","Improved water source (% of population with access)","SH.H2O.SAFE.ZS","","","","","","","","","","","","","","","","","","","","","","","","","","","","","","","70.5","71.5","72.6","73.6","74.6","75.6","76.6","77.6","78.6","79.6","80.6","81.5","82.5","83.5","84.5","85.5","86.5","87.4","88.4","89.4","90.3","91.3","92.2","93.1","94.1","94.1",
"Not classified","INX","Improved water source (% of population with access)","SH.H2O.SAFE.ZS","","","","","","","","","","","","","","","","","","","","","","","","","","","","","","","","","","","","","","","","","","","","","","","","","","","","","","","","",
"Ireland","IRL","Improved water source (% of population with access)","SH.H2O.SAFE.ZS","","","","","","","","","","","","","","","","","","","","","","","","","","","","","","","96.4","96.4","96.4","96.4","96.4","96.4","96.4","96.3","96.3","96.3","96.3","96.4","96.6","96.7","96.8","96.9","97","97.1","97.2","97.3","97.4","97.5","97.7","97.8","97.9","97.9",
"Iran, Islamic Rep.","IRN","Improved water source (% of population with access)","SH.H2O.SAFE.ZS","","","","","","","","","","","","","","","","","","","","","","","","","","","","","","","92.2","92.2","92.4","92.5","92.8","93","93.3","93.5","93.7","93.9","94.1","94.3","94.5","94.7","94.9","95.1","95.2","95.4","95.5","95.6","95.8","95.9","96","96.1","96.2","96.2",
"Iraq","IRQ","Improved water source (% of population with access)","SH.H2O.SAFE.ZS","","","","","","","","","","","","","","","","","","","","","","","","","","","","","","","78.3","78.2","78.1","78","77.9","78.2","78.6","78.9","79.4","79.9","80.4","80.8","81.3","81.8","82.3","82.8","83.2","83.7","84.2","84.7","85.1","85.6","86.1","86.5","86.6","86.6",
"Iceland","ISL","Improved water source (% of population with access)","SH.H2O.SAFE.ZS","","","","","","","","","","","","","","","","","","","","","","","","","","","","","","","100","100","100","100","100","100","100","100","100","100","100","100","100","100","100","100","100","100","100","100","100","100","100","100","100","100",
"Israel","ISR","Improved water source (% of population with access)","SH.H2O.SAFE.ZS","","","","","","","","","","","","","","","","","","","","","","","","","","","","","","","100","100","100","100","100","100","100","100","100","100","100","100","100","100","100","100","100","100","100","100","100","100","100","100","100","100",
"Italy","ITA","Improved water source (% of population with access)","SH.H2O.SAFE.ZS","","","","","","","","","","","","","","","","","","","","","","","","","","","","","","","100","100","100","100","100","100","100","100","100","100","100","100","100","100","100","100","100","100","100","100","100","100","100","100","100","100",
"Jamaica","JAM","Improved water source (% of population with access)","SH.H2O.SAFE.ZS","","","","","","","","","","","","","","","","","","","","","","","","","","","","","","","93.1","93.2","93.2","93.2","93.3","93.3","93.3","93.4","93.4","93.4","93.5","93.5","93.5","93.6","93.6","93.6","93.6","93.7","93.7","93.7","93.7","93.8","93.8","93.8","93.8","93.8",
"Jordan","JOR","Improved water source (% of population with access)","SH.H2O.SAFE.ZS","","","","","","","","","","","","","","","","","","","","","","","","","","","","","","","96.3","96.4","96.5","96.6","96.6","96.7","96.7","96.7","96.7","96.8","96.8","96.8","96.8","96.8","96.8","96.8","96.9","96.9","96.9","96.9","96.9","96.9","96.9","96.9","96.9","96.9",
"Japan","JPN","Improved water source (% of population with access)","SH.H2O.SAFE.ZS","","","","","","","","","","","","","","","","","","","","","","","","","","","","","","","100","100","100","100","100","100","100","100","100","100","100","100","100","100","100","100","100","100","100","100","100","100","100","100","100","100",
"Kazakhstan","KAZ","Improved water source (% of population with access)","SH.H2O.SAFE.ZS","","","","","","","","","","","","","","","","","","","","","","","","","","","","","","","94.1","94.1","94.1","94.1","94","94","94","93.9","93.9","93.8","93.8","93.7","93.7","93.6","93.6","93.5","93.4","93.4","93.3","93.2","93.2","93.1","93.1","93","92.9","92.9",
"Kenya","KEN","Improved water source (% of population with access)","SH.H2O.SAFE.ZS","","","","","","","","","","","","","","","","","","","","","","","","","","","","","","","42.8","43.7","44.6","45.5","46.5","47.4","48.3","49.1","50","50.9","51.8","52.6","53.5","54.3","55.2","56","56.8","57.7","58.5","59.3","60","60.8","61.6","62.3","63.1","63.2",
"Kyrgyz Republic","KGZ","Improved water source (% of population with access)","SH.H2O.SAFE.ZS","","","","","","","","","","","","","","","","","","","","","","","","","","","","","","","74.7","74.6","74.5","74.4","74.3","75","75.6","76.3","77","77.7","78.4","79.2","80","80.7","81.5","82.3","83","83.8","84.6","85.3","86.1","86.9","87.6","88.4","89.2","90",
"Cambodia","KHM","Improved water source (% of population with access)","SH.H2O.SAFE.ZS","","","","","","","","","","","","","","","","","","","","","","","","","","","","","","","23.4","23.5","23.5","25.8","28","30.3","32.6","34.8","37.1","39.4","41.6","43.9","46.1","48.4","50.6","52.9","55.1","57.4","59.7","61.9","64.2","66.5","68.8","71.1","73.4","75.5",
"Kiribati","KIR","Improved water source (% of population with access)","SH.H2O.SAFE.ZS","","","","","","","","","","","","","","","","","","","","","","","","","","","","","","","49.6","50.3","51","51.8","52.5","53.3","54.3","55.4","56.6","57.7","58.9","59.7","60.3","61","61.6","62.2","62.9","63.5","64.1","64.8","65.4","66.1","66.7","66.8","66.8","66.9",
"St. Kitts and Nevis","KNA","Improved water source (% of population with access)","SH.H2O.SAFE.ZS","","","","","","","","","","","","","","","","","","","","","","","","","","","","","","","98.3","98.3","98.3","98.3","98.3","98.3","98.3","98.3","98.3","98.3","98.3","98.3","98.3","98.3","98.3","98.3","98.3","98.3","98.3","98.3","98.3","98.3","98.3","98.3","98.3","98.3",
"Korea, Rep.","KOR","Improved water source (% of population with access)","SH.H2O.SAFE.ZS","","","","","","","","","","","","","","","","","","","","","","","","","","","","","","","","89.6","89.8","90.1","90.3","90.6","91.2","91.8","92.3","92.9","93.4","94","94.5","95.1","95.6","96.1","96.6","97.1","97.6","97.6","97.6","97.6","97.6","","","",
"Kosovo","KSV","Improved water source (% of population with access)","SH.H2O.SAFE.ZS","","","","","","","","","","","","","","","","","","","","","","","","","","","","","","","","","","","","","","","","","","","","","","","","","","","","","","","","",
"Kuwait","KWT","Improved water source (% of population with access)","SH.H2O.SAFE.ZS","","","","","","","","","","","","","","","","","","","","","","","","","","","","","","","99","99","99","99","99","99","99","99","99","99","99","99","99","99","99","99","99","99","99","99","99","99","99","99","99","99",
"Latin America & Caribbean (developing only)","LAC","Improved water source (% of population with access)","SH.H2O.SAFE.ZS","","","","","","","","","","","","","","","","","","","","","","","","","","","","","","","83.4461181258895","83.9935198388669","84.5613389759875","85.1037961999097","85.7409621375494","86.2301679267202","86.7282417763217","87.2171511698227","87.6697439904827","88.1597289150447","88.6608808405831","89.075348621197","89.5036202692395","89.9121093594426","90.3546362877219","90.7403243381296","91.1790550137123","91.5547455570868","91.9194178792821","92.3108379567279","92.7148589113394","93.0765399376575","93.4354485785422","93.7906957376234","94.1109332955805","94.184663471321",
"Lao PDR","LAO","Improved water source (% of population with access)","SH.H2O.SAFE.ZS","","","","","","","","","","","","","","","","","","","","","","","","","","","","","","","","","","","39.7","39.9","40.2","40.5","40.8","43.2","45.5","47.8","50.1","52.3","54.6","56.8","59","61.2","63.3","65.4","67.5","69.5","71.5","73.5","75.5","75.7",
"Lebanon","LBN","Improved water source (% of population with access)","SH.H2O.SAFE.ZS","","","","","","","","","","","","","","","","","","","","","","","","","","","","","","","","","","","83.3","83.3","83.3","83.3","83.3","84.5","85.7","86.9","88.1","89.3","90.5","91.7","92.9","94.1","95.3","96.5","97.7","99","99","99","99","99",
"Liberia","LBR","Improved water source (% of population with access)","SH.H2O.SAFE.ZS","","","","","","","","","","","","","","","","","","","","","","","","","","","","","","","","","","","62","61.3","60.5","60.6","60.7","61.6","62.4","63.3","64.2","65","65.9","66.8","67.6","68.5","69.4","70.3","71.1","72","72.9","73.8","74.7","75.6",
"Libya","LBY","Improved water source (% of population with access)","SH.H2O.SAFE.ZS","","","","","","","","","","","","","","","","","","","","","","","","","","","","","","","71.2","71.2","71.2","71.2","71.2","71.2","71.2","71.2","71.2","71.2","71.2","71.2","","","","","","","","","","","","","","",
"St. Lucia","LCA","Improved water source (% of population with access)","SH.H2O.SAFE.ZS","","","","","","","","","","","","","","","","","","","","","","","","","","","","","","","92.5","92.7","92.9","93","93.2","93.4","93.5","93.7","93.9","94.1","94.2","94.4","94.5","94.6","94.8","94.9","95.1","95.2","95.3","95.5","95.6","95.8","96","96.2","96.3","96.3",
"Latin America & Caribbean (all income levels)","LCN","Improved water source (% of population with access)","SH.H2O.SAFE.ZS","","","","","","","","","","","","","","","","","","","","","","","","","","","","","","","84.8840685818211","85.3817336423332","85.8904883651092","86.3910714217403","86.9395322463725","87.3812260802552","87.8409938566544","88.2833068769636","88.7028684594275","89.1528196283497","89.6063014727043","89.9870973724413","90.3543822278736","90.7290364378177","91.1343736651144","91.4897509218526","91.8921089111244","92.237152108622","92.5773898348074","92.934813701422","93.301552807644","93.6345895649091","93.9623444294033","94.2947174711415","94.5717043679652","94.6476011921319",
"Least developed countries: UN classification","LDC","Improved water source (% of population with access)","SH.H2O.SAFE.ZS","","","","","","","","","","","","","","","","","","","","","","","","","","","","","","","50.4284734004457","50.1683659606896","50.6079273284562","50.8883361023371","51.5529110044793","52.2892986789489","53.0668699404123","53.8569791158243","54.6720241442748","55.4793955580029","56.309888637297","57.1020213017195","57.9052622983147","58.6865106060533","59.4952587883048","60.281197879861","61.0646199416028","61.8490563810669","62.6234164509972","63.4350895060012","64.247082271616","65.0330370733891","66.2195867549524","67.2884516525259","67.9933398207896","69.1318779176114",
"Low income","LIC","Improved water source (% of population with access)","SH.H2O.SAFE.ZS","","","","","","","","","","","","","","","","","","","","","","","","","","","","","","","45.462024800196","44.9183162761377","45.3347241033492","45.6093493675202","46.4459040264814","47.2298306172613","48.104790723724","49.0085492268793","49.9318778867309","50.8251546564423","51.73157192433","52.641000788961","53.5347752084972","54.4017798418057","55.3161272325478","56.2503577077947","57.1616179520267","58.1084507455392","59.0377419795615","59.9964904612137","60.9314218807871","61.8312963260762","63.280367693497","64.1466285514248","64.9657564034542","65.566460917146",
"Liechtenstein","LIE","Improved water source (% of population with access)","SH.H2O.SAFE.ZS","","","","","","","","","","","","","","","","","","","","","","","","","","","","","","","","","","","","","","","","","","","","","","","","","","","","","","","","",
"Sri Lanka","LKA","Improved water source (% of population with access)","SH.H2O.SAFE.ZS","","","","","","","","","","","","","","","","","","","","","","","","","","","","","","","68.3","69.5","70.6","71.7","72.9","74","75.1","76.3","77.4","78.6","79.7","80.8","82","83.1","84.2","85.4","86.5","87.6","88.8","89.9","91.1","92.2","93.3","94.5","95.6","95.6",
"Lower middle income","LMC","Improved water source (% of population with access)","SH.H2O.SAFE.ZS","","","","","","","","","","","","","","","","","","","","","","","","","","","","","","","69.7086740707144","70.5625714120026","71.4923338303225","72.2590172309498","73.6183903449251","74.393849847638","75.1746344430764","75.943810454386","76.7388222259293","77.515503860238","78.3051978794104","79.0234612257646","79.7961352322073","80.5633360089942","81.3265678911355","82.082466374378","82.8363632476189","83.5454112586325","84.2830128188849","85.028286425583","85.7429025067056","86.5045958196139","87.1920635314497","88.1700706516619","88.886286838361","89.5706406881748",
"Low & middle income","LMY","Improved water source (% of population with access)","SH.H2O.SAFE.ZS","","","","","","","","","","","","","","","","","","","","","","","","","","","","","","","69.8775436969218","70.5959155565558","71.526121280316","72.295647243233","73.439808452878","74.2861748171925","75.1211719065169","75.9490229675212","76.7906881299175","77.6212291056962","78.4317316883943","79.2194832415483","80.0121898261535","80.7884986226961","81.5673486792806","82.3116254231585","83.0556425022505","83.7953401794242","84.4972890843487","85.2068847832393","85.8762183840007","86.5137358538487","87.2537049205392","88.0069654326532","88.6190416029845","89.1337032155075",
"Lesotho","LSO","Improved water source (% of population with access)","SH.H2O.SAFE.ZS","","","","","","","","","","","","","","","","","","","","","","","","","","","","","","","77.4","77.5","77.6","77.7","77.8","78","78.2","78.4","78.6","78.8","79","79.1","79.3","79.5","79.7","79.9","80.1","80.3","80.5","80.7","80.8","81","81.2","81.4","81.6","81.8",
"Lithuania","LTU","Improved water source (% of population with access)","SH.H2O.SAFE.ZS","","","","","","","","","","","","","","","","","","","","","","","","","","","","","","","87.2","87.5","87.9","88.3","88.7","89.1","89.5","89.9","90.2","90.6","91","91.4","91.8","92.2","92.6","93","93.4","93.8","94.2","94.6","95","95.4","95.8","96.2","96.6","96.6",
"Luxembourg","LUX","Improved water source (% of population with access)","SH.H2O.SAFE.ZS","","","","","","","","","","","","","","","","","","","","","","","","","","","","","","","100","100","100","100","100","100","100","100","100","100","100","100","100","100","100","100","100","100","100","100","100","100","100","100","100","100",
"Latvia","LVA","Improved water source (% of population with access)","SH.H2O.SAFE.ZS","","","","","","","","","","","","","","","","","","","","","","","","","","","","","","","98.3","98.3","98.3","98.3","98.3","98.3","98.3","98.3","98.3","98.3","98.3","98.3","98.3","98.4","98.5","98.6","98.6","98.7","98.8","98.9","98.9","99","99.1","99.2","99.3","99.3",
"Macao SAR, China","MAC","Improved water source (% of population with access)","SH.H2O.SAFE.ZS","","","","","","","","","","","","","","","","","","","","","","","","","","","","","","","","","","","","","","","","","","","","","","","","","","","","","","","","",
"St. Martin (French part)","MAF","Improved water source (% of population with access)","SH.H2O.SAFE.ZS","","","","","","","","","","","","","","","","","","","","","","","","","","","","","","","","","","","","","","","","","","","","","","","","","","","","","","","","",
"Morocco","MAR","Improved water source (% of population with access)","SH.H2O.SAFE.ZS","","","","","","","","","","","","","","","","","","","","","","","","","","","","","","","72.6","73.3","74","74.7","75.3","75.8","76.4","76.9","77.3","77.8","78.3","78.8","79.3","79.8","80.3","80.8","81.4","81.9","82.5","83","83.5","84","84.6","85.1","85.3","85.4",
"Monaco","MCO","Improved water source (% of population with access)","SH.H2O.SAFE.ZS","","","","","","","","","","","","","","","","","","","","","","","","","","","","","","","100","100","100","100","100","100","100","100","100","100","100","100","100","100","100","100","100","100","100","100","100","100","100","100","100","100",
"Moldova","MDA","Improved water source (% of population with access)","SH.H2O.SAFE.ZS","","","","","","","","","","","","","","","","","","","","","","","","","","","","","","","","","84.3","84.2","84.2","84.2","84.2","84.4","84.6","84.8","85.1","85.3","85.5","85.7","86","86.2","86.4","86.7","86.9","87.1","87.4","87.6","87.9","88.1","88.4","88.4",
"Madagascar","MDG","Improved water source (% of population with access)","SH.H2O.SAFE.ZS","","","","","","","","","","","","","","","","","","","","","","","","","","","","","","","29.5","30.4","31.4","32.4","33.2","34","34.8","35.6","36.4","37.2","38","38.8","39.6","40.4","41.2","42.1","43.1","44","45","45.9","46.9","47.8","48.7","49.7","50.6","51.5",
"Maldives","MDV","Improved water source (% of population with access)","SH.H2O.SAFE.ZS","","","","","","","","","","","","","","","","","","","","","","","","","","","","","","","93.2","93.2","93.2","93.2","93.2","93.5","93.8","94.2","94.5","94.8","95.2","95.5","95.9","96.2","96.6","96.9","97.2","97.5","97.8","98.1","98.3","98.6","98.6","98.6","98.6","98.6",
"Middle East & North Africa (all income levels)","MEA","Improved water source (% of population with access)","SH.H2O.SAFE.ZS","","","","","","","","","","","","","","","","","","","","","","","","","","","","","","","87.3862470247787","87.5893403917548","87.6780940165541","87.8047488253216","87.8909035014742","88.0784373466123","88.2750124263594","88.4027356717072","88.5690762039449","88.7224186149086","88.8862593727074","89.0309330599211","89.4909414813671","89.639842626333","89.8072296838459","89.9413576666026","90.0672433147249","90.2050929459745","90.3078856684635","90.4754131908352","90.6142631912009","90.7640818152575","90.889854645658","93.4214169641426","93.4226337296086","93.4076005467212",
"Mexico","MEX","Improved water source (% of population with access)","SH.H2O.SAFE.ZS","","","","","","","","","","","","","","","","","","","","","","","","","","","","","","","82.3","83","83.6","84.3","85","85.6","86.2","86.8","87.4","88","88.6","89.2","89.7","90.3","90.9","91.4","92","92.5","93","93.6","94.1","94.6","95.1","95.6","96.1","96.1",
"Marshall Islands","MHL","Improved water source (% of population with access)","SH.H2O.SAFE.ZS","","","","","","","","","","","","","","","","","","","","","","","","","","","","","","","92","92.1","92.2","92.3","92.4","92.5","92.7","92.8","92.9","93","93.1","93.2","93.4","93.5","93.6","93.7","93.8","93.9","94.1","94.2","94.3","94.4","94.5","94.6","94.6","94.6",
"Middle income","MIC","Improved water source (% of population with access)","SH.H2O.SAFE.ZS","","","","","","","","","","","","","","","","","","","","","","","","","","","","","","","71.8598885364442","72.7888853184215","73.7872181575481","74.670275045469","75.8374794137523","76.7186179929358","77.5785565627446","78.4254324548777","79.2869878929646","80.1408640663844","80.9734285468153","81.7835598148489","82.6053765004273","83.4096819673396","84.2126304407511","84.9755872188595","85.7406819970708","86.5004292367081","87.2175483751967","87.9398812403943","88.6203266907737","89.3207951077535","89.9750475672687","90.787045275442","91.4171509766742","91.9863206426995",
"Macedonia, FYR","MKD","Improved water source (% of population with access)","SH.H2O.SAFE.ZS","","","","","","","","","","","","","","","","","","","","","","","","","","","","","","","99.3","99.3","99.3","99.3","99.3","99.3","99.3","99.3","99.3","99.3","99.3","99.3","99.3","99.3","99.3","99.3","99.3","99.3","99.3","99.3","99.4","99.4","99.4","99.4","99.4","99.4",
"Mali","MLI","Improved water source (% of population with access)","SH.H2O.SAFE.ZS","","","","","","","","","","","","","","","","","","","","","","","","","","","","","","","27.1","29.1","31","32.9","34.8","36.8","38.7","40.6","42.6","44.6","46.6","48.6","50.6","52.7","54.7","56.7","58.7","60.8","62.8","64.8","66.9","68.9","70.9","73","75","77",
"Malta","MLT","Improved water source (% of population with access)","SH.H2O.SAFE.ZS","","","","","","","","","","","","","","","","","","","","","","","","","","","","","","","99.8","99.9","99.9","99.9","99.9","99.9","99.9","99.9","100","100","100","100","100","100","100","100","100","100","100","100","100","100","100","100","100","100",
"Myanmar","MMR","Improved water source (% of population with access)","SH.H2O.SAFE.ZS","","","","","","","","","","","","","","","","","","","","","","","","","","","","","","","58.5","58.5","58.6","58.6","59.7","60.9","62","63.2","64.3","65.4","66.6","67.7","68.9","70","71.2","72.3","73.5","74.6","75.8","76.9","78.1","79.2","80.3","80.4","80.5","80.6",
"Middle East & North Africa (developing only)","MNA","Improved water source (% of population with access)","SH.H2O.SAFE.ZS","","","","","","","","","","","","","","","","","","","","","","","","","","","","","","","86.6054557099442","86.830349700496","86.9756011139342","87.0808456728812","87.1567672628865","87.2602772121016","87.4380814545803","87.5439888511549","87.6913779307443","87.8140570845957","87.9558775625964","88.0687176418116","88.527597607154","88.6521324851924","88.7832468753257","88.8779849067367","88.9563781358578","89.0711173705693","89.1446206921052","89.2964422298607","89.4244078415971","89.5744578518765","89.7030078049229","92.5996804769998","92.5990724520331","92.5807757207744",
"Montenegro","MNE","Improved water source (% of population with access)","SH.H2O.SAFE.ZS","","","","","","","","","","","","","","","","","","","","","","","","","","","","","","","","","","","","","","","97.1","97.1","97.1","97.2","97.2","97.5","97.7","97.9","98.1","98.3","98.5","98.7","98.9","99.1","99.3","99.4","99.6","99.7",
"Mongolia","MNG","Improved water source (% of population with access)","SH.H2O.SAFE.ZS","","","","","","","","","","","","","","","","","","","","","","","","","","","","","","","53.4","53.4","53.3","53.3","53.3","53.7","54.2","54.6","55.1","55.6","56.3","57.2","58","58.8","59.6","60.2","60.9","61.5","62","62.5","62.9","63.3","63.7","64","64.2","64.4",
"Northern Mariana Islands","MNP","Improved water source (% of population with access)","SH.H2O.SAFE.ZS","","","","","","","","","","","","","","","","","","","","","","","","","","","","","","","94","94.1","94.3","94.5","94.6","94.8","94.9","95.1","95.3","95.4","95.6","95.8","95.9","96.1","96.2","96.4","96.6","96.7","96.9","97.1","97.2","97.4","97.5","97.5","97.5","97.5",
"Mozambique","MOZ","Improved water source (% of population with access)","SH.H2O.SAFE.ZS","","","","","","","","","","","","","","","","","","","","","","","","","","","","","","","35.1","35.4","35.6","35.8","36.1","37","37.9","38.9","39.6","40.4","41.1","41.9","42.6","43.3","44.1","44.8","45.6","46.3","47","47.8","48.5","49.3","50.1","50.8","50.9","51.1",
"Mauritania","MRT","Improved water source (% of population with access)","SH.H2O.SAFE.ZS","","","","","","","","","","","","","","","","","","","","","","","","","","","","","","","29.1","30.5","31.8","33.1","34.4","35.7","37","38.2","39.5","40.8","42","43.3","44.6","45.8","47","48.3","49.5","50.7","51.9","53.1","54.3","55.5","56.7","57.9","57.9","57.9",
"Mauritius","MUS","Improved water source (% of population with access)","SH.H2O.SAFE.ZS","","","","","","","","","","","","","","","","","","","","","","","","","","","","","","","99.2","99.2","99.2","99.2","99.2","99.2","99.2","99.2","99.2","99.2","99.2","99.3","99.3","99.4","99.4","99.5","99.5","99.6","99.6","99.7","99.7","99.8","99.8","99.9","99.9","99.9",
"Malawi","MWI","Improved water source (% of population with access)","SH.H2O.SAFE.ZS","","","","","","","","","","","","","","","","","","","","","","","","","","","","","","","42.5","44.5","46.6","48.6","50.7","52.7","54.7","56.8","58.8","60.6","62.5","64.4","66.2","68.1","70","71.8","73.7","75.5","77.4","79.2","81","82.9","84.7","86.5","88.4","90.2",
"Malaysia","MYS","Improved water source (% of population with access)","SH.H2O.SAFE.ZS","","","","","","","","","","","","","","","","","","","","","","","","","","","","","","","90.3","90.7","91.1","91.5","91.8","92.2","92.6","93","93.3","93.7","94.1","94.4","94.8","95.1","95.4","95.7","96.1","96.4","96.7","97","97.3","97.7","97.9","98","98.2","98.2",
"North America","NAC","Improved water source (% of population with access)","SH.H2O.SAFE.ZS","","","","","","","","","","","","","","","","","","","","","","","","","","","","","","","98.5402503118084","98.5402809125612","98.6300740561471","98.6298116715286","98.7195405745892","98.7191508361747","98.8091367822276","98.8089924075862","98.8086980838734","98.8985309776597","98.898327077722","98.8983446160903","98.9884856841259","98.9885948522483","98.9886560147183","99.078850960773","99.0787320476469","99.0787453924182","99.0788422332893","99.1691539153484","99.1693273050766","99.169466680671","99.1697293624429","99.2599832721476","99.2601753719943","99.2602950648885",
"Namibia","NAM","Improved water source (% of population with access)","SH.H2O.SAFE.ZS","","","","","","","","","","","","","","","","","","","","","","","","","","","","","","","69.6","70.4","71.3","72.3","73.2","74.1","75","75.9","76.8","77.6","78.5","79.3","80.3","81.2","82.1","83","83.9","84.8","85.6","86.5","87.3","88","88.8","89.6","90.3","91",
"New Caledonia","NCL","Improved water source (% of population with access)","SH.H2O.SAFE.ZS","","","","","","","","","","","","","","","","","","","","","","","","","","","","","","","","","","","","","","","94","94","94","94","94","94.5","95","95.5","96","96.5","97","97.5","98","98.5","98.5","98.5","98.5","98.5",
"Niger","NER","Improved water source (% of population with access)","SH.H2O.SAFE.ZS","","","","","","","","","","","","","","","","","","","","","","","","","","","","","","","33.7","34.7","35.7","36.7","37.7","38.7","39.7","40.7","41.7","42.7","43.7","44.7","45.7","46.7","47.7","48.7","49.8","50.8","51.9","52.9","54","55.1","56.2","57.3","58.1","58.2",
"Nigeria","NGA","Improved water source (% of population with access)","SH.H2O.SAFE.ZS","","","","","","","","","","","","","","","","","","","","","","","","","","","","","","","39.9","41.2","42.4","43.6","44.8","46","47.2","48.3","49.5","50.6","51.8","53","54.2","55.4","56.6","57.8","59","60.1","61.2","62.3","63.4","64.5","65.5","66.6","67.6","68.5",
"Nicaragua","NIC","Improved water source (% of population with access)","SH.H2O.SAFE.ZS","","","","","","","","","","","","","","","","","","","","","","","","","","","","","","","72.7","73.3","73.9","74.6","75.2","75.8","76.4","77","77.6","78.3","78.9","79.5","80.1","80.7","81.3","81.9","82.5","83.1","83.7","84.3","85","85.6","86.2","86.8","86.9","87",
"Netherlands","NLD","Improved water source (% of population with access)","SH.H2O.SAFE.ZS","","","","","","","","","","","","","","","","","","","","","","","","","","","","","","","100","100","100","100","100","100","100","100","100","100","100","100","100","100","100","100","100","100","100","100","100","100","100","100","100","100",
"High income: nonOECD","NOC","Improved water source (% of population with access)","SH.H2O.SAFE.ZS","","","","","","","","","","","","","","","","","","","","","","","","","","","","","","","93.1753144445202","93.3451891032374","93.4425382644727","93.6546041040999","93.7266087304098","93.9527890527408","94.1102509731029","94.2548009647609","94.4614593861331","94.625509670273","94.8229530509402","94.9740732874803","95.1970646012181","95.3326582394622","95.5478581231984","95.6944734903037","95.9088993637031","96.0340387902625","96.221157037084","96.3397224550369","96.4485420241906","96.6069106422077","96.7121238455252","96.8641486772983","96.9301526524635","96.9545574726281",
"Norway","NOR","Improved water source (% of population with access)","SH.H2O.SAFE.ZS","","","","","","","","","","","","","","","","","","","","","","","","","","","","","","","100","100","100","100","100","100","100","100","100","100","100","100","100","100","100","100","100","100","100","100","100","100","100","100","100","100",
"Nepal","NPL","Improved water source (% of population with access)","SH.H2O.SAFE.ZS","","","","","","","","","","","","","","","","","","","","","","","","","","","","","","","65.9","67","68.2","69.3","70.5","71.6","72.7","73.8","75","76","77.1","78.2","79.2","80.2","81.2","82.2","83.2","84.1","85.1","86.1","87","88","88.9","89.8","90.7","91.6",
"New Zealand","NZL","Improved water source (% of population with access)","SH.H2O.SAFE.ZS","","","","","","","","","","","","","","","","","","","","","","","","","","","","","","","100","100","100","100","100","100","100","100","100","100","100","100","100","100","100","100","100","100","100","100","100","100","100","100","100","100",
"High income: OECD","OEC","Improved water source (% of population with access)","SH.H2O.SAFE.ZS","","","","","","","","","","","","","","","","","","","","","","","","","","","","","","","99.0112283799131","98.5853046129603","98.637853342514","98.6692600030213","98.7245439672277","98.7505916292345","98.8233549229214","98.8686607846559","98.910814263993","98.9860744076729","99.0245329845458","99.0704369450584","99.1426678530726","99.1948260171392","99.2317292361628","99.3048833059541","99.3470203884085","99.384158660748","99.4254810241585","99.4709745401339","99.4826360274127","99.4963621312562","99.5074161552698","99.6475626563294","99.6508874083345","99.650130034627",
"OECD members","OED","Improved water source (% of population with access)","SH.H2O.SAFE.ZS","","","","","","","","","","","","","","","","","","","","","","","","","","","","","","","96.9381292915351","96.698876799803","96.8112214690294","96.914470037564","97.0396050810556","97.132853496277","97.2679089364972","97.3810803159766","97.4878951044582","97.6309254470957","97.7447434820411","97.8622119378592","97.9949971621674","98.1264159816035","98.2400202969547","98.3757194998243","98.4946915726864","98.6008481919334","98.7114632840604","98.8298254452739","98.9169288282204","99.0013651861159","99.078363689438","99.2445538105963","99.3078273422087","99.3045378863511",
"Oman","OMN","Improved water source (% of population with access)","SH.H2O.SAFE.ZS","","","","","","","","","","","","","","","","","","","","","","","","","","","","","","","78.8","79.1","79.3","79.5","79.6","80.3","81.1","81.8","82.5","83.3","84","84.7","85.5","86.2","87","87.8","88.6","89.4","90.1","90.9","91.7","92.5","93.3","93.3","93.4","93.4",
"Other small states","OSS","Improved water source (% of population with access)","SH.H2O.SAFE.ZS","","","","","","","","","","","","","","","","","","","","","","","","","","","","","","","73.5900905468503","74.020362074363","74.6224125451231","75.1061165218566","75.0451677331493","74.2873240253759","74.890810677133","75.5229766287752","76.9581318423019","77.5965535593661","78.2830160663174","78.9383541291612","79.613957740199","80.2653565993584","80.9249589270669","81.6001919719774","82.2777569410986","82.9621950610714","83.6219295256922","84.3003727277445","84.9436237886468","85.5699458852752","86.1853510587191","86.5461362511491","86.9055382688142","87.1575599925009",
"Pakistan","PAK","Improved water source (% of population with access)","SH.H2O.SAFE.ZS","","","","","","","","","","","","","","","","","","","","","","","","","","","","","","","86.3","86.5","86.7","87","87.2","87.4","87.6","87.8","88.1","88.3","88.5","88.7","88.9","89.1","89.3","89.5","89.7","89.9","90.1","90.3","90.5","90.7","90.9","91.1","91.3","91.4",
"Panama","PAN","Improved water source (% of population with access)","SH.H2O.SAFE.ZS","","","","","","","","","","","","","","","","","","","","","","","","","","","","","","","83.8","84.5","85.1","85.7","86.3","86.9","87.4","88","88.5","89","89.5","89.9","90.3","90.6","91","91.4","91.7","92.1","92.4","92.8","93.1","93.4","93.7","94.1","94.4","94.7",
"Peru","PER","Improved water source (% of population with access)","SH.H2O.SAFE.ZS","","","","","","","","","","","","","","","","","","","","","","","","","","","","","","","74.3","74.8","75.4","76","76.6","77.1","77.7","78.2","78.8","79.3","79.8","80.3","80.9","81.4","81.8","82.3","82.8","83.3","83.7","84.2","84.6","85","85.5","85.9","86.3","86.7",
"Philippines","PHL","Improved water source (% of population with access)","SH.H2O.SAFE.ZS","","","","","","","","","","","","","","","","","","","","","","","","","","","","","","","83.9","84.2","84.5","84.9","85.2","85.5","85.8","86.1","86.4","86.7","87.1","87.4","87.7","88","88.3","88.6","88.9","89.2","89.5","89.8","90.1","90.5","90.8","91.1","91.5","91.8",
"Palau","PLW","Improved water source (% of population with access)","SH.H2O.SAFE.ZS","","","","","","","","","","","","","","","","","","","","","","","","","","","","","","","90","90.3","90.6","90.9","91.2","91.5","91.6","91.7","91.9","92","92.2","92.7","93.1","93.5","93.9","94.3","94.6","94.8","94.9","95.1","95.2","95.3","","","","",
"Papua New Guinea","PNG","Improved water source (% of population with access)","SH.H2O.SAFE.ZS","","","","","","","","","","","","","","","","","","","","","","","","","","","","","","","33.8","33.6","33.5","33.4","33.3","33.6","33.9","34.2","34.5","34.8","35.1","35.5","35.9","36.3","36.7","37.1","37.5","37.9","38.3","38.7","39.1","39.5","39.9","39.9","40","40",
"Poland","POL","Improved water source (% of population with access)","SH.H2O.SAFE.ZS","","","","","","","","","","","","","","","","","","","","","","","","","","","","","","","94.3","94.3","94.5","94.7","94.9","95","95.2","95.4","95.6","95.8","95.9","96.1","96.3","96.5","96.6","96.8","97","97.1","97.3","97.5","97.6","97.8","98","98.2","98.3","98.3",
"Puerto Rico","PRI","Improved water source (% of population with access)","SH.H2O.SAFE.ZS","","","","","","","","","","","","","","","","","","","","","","","","","","","","","","","93.6","93.6","93.6","93.6","93.6","93.6","93.6","93.6","93.6","93.6","93.6","93.6","","","","","","","","","","","","","","",
"Korea, Dem. People’s Rep.","PRK","Improved water source (% of population with access)","SH.H2O.SAFE.ZS","","","","","","","","","","","","","","","","","","","","","","","","","","","","","","","100","100","100","100","100","100","100","99.9","99.9","99.9","99.9","99.9","99.9","99.8","99.8","99.8","99.8","99.8","99.7","99.7","99.7","99.7","99.7","99.7","99.7","99.7",
"Portugal","PRT","Improved water source (% of population with access)","SH.H2O.SAFE.ZS","","","","","","","","","","","","","","","","","","","","","","","","","","","","","","","96.1","96.3","96.5","96.7","96.9","97.1","97.2","97.4","97.6","97.8","98","98.1","98.3","98.5","98.6","98.8","99","99.1","99.3","99.5","99.6","99.8","99.9","100","100","100",
"Paraguay","PRY","Improved water source (% of population with access)","SH.H2O.SAFE.ZS","","","","","","","","","","","","","","","","","","","","","","","","","","","","","","","53","55.2","57.4","59.5","61.6","63.6","65.6","67.6","69.6","71.5","73.4","75.3","77.1","78.8","80.5","82.1","83.8","85.4","87","88.7","90.3","91.9","93.4","95","96.6","98",
"Pacific island small states","PSS","Improved water source (% of population with access)","SH.H2O.SAFE.ZS","","","","","","","","","","","","","","","","","","","","","","","","","","","","","","","83.4042371147457","83.7051638558842","84.1720413170848","84.6441016764611","85.1679779037451","85.6455845782125","86.1365605880742","86.6203704614616","87.0696108245997","87.5636450796385","86.2831886264094","86.6113584146024","86.944532577052","87.2536210960767","87.5915717576748","87.8956477722483","88.2636533033457","88.5830652968091","88.9673063967094","89.2760469298542","89.6029913291384","89.9944004994156","90.0968307402241","90.2654494235669","90.426952718738","90.5555411815438",
"French Polynesia","PYF","Improved water source (% of population with access)","SH.H2O.SAFE.ZS","","","","","","","","","","","","","","","","","","","","","","","","","","","","","","","100","100","100","100","100","100","100","100","100","100","100","100","100","100","100","100","100","100","100","100","100","100","100","100","100","100",
"Qatar","QAT","Improved water source (% of population with access)","SH.H2O.SAFE.ZS","","","","","","","","","","","","","","","","","","","","","","","","","","","","","","","","","98.7","98.7","98.7","98.7","98.7","98.8","98.9","99","99.1","99.2","99.4","99.5","99.6","99.7","99.8","99.9","100","100","100","100","100","100","100","100",
"Romania","ROU","Improved water source (% of population with access)","SH.H2O.SAFE.ZS","","","","","","","","","","","","","","","","","","","","","","","","","","","","","","","73.9","75.4","76.6","77.7","78.8","79.8","80.9","82","83.1","84.2","85.3","86.5","87.6","88.8","90","91.1","92.3","93.5","94.6","95.8","96.9","98","99","100","100","100",
"Russian Federation","RUS","Improved water source (% of population with access)","SH.H2O.SAFE.ZS","","","","","","","","","","","","","","","","","","","","","","","","","","","","","","","93.4","93.6","93.7","93.9","94","94.2","94.3","94.4","94.6","94.7","94.9","95","95.2","95.3","95.5","95.6","95.8","95.9","96.1","96.2","96.3","96.5","96.6","96.8","96.9","96.9",
"Rwanda","RWA","Improved water source (% of population with access)","SH.H2O.SAFE.ZS","","","","","","","","","","","","","","","","","","","","","","","","","","","","","","","58.5","59.1","59.8","60.7","61.5","62.4","63.4","64.2","64.9","65.6","66.3","67","67.7","68.4","69.1","69.8","70.4","71.1","71.8","72.4","73.1","73.7","74.3","74.9","75.5","76.1",
"South Asia","SAS","Improved water source (% of population with access)","SH.H2O.SAFE.ZS","","","","","","","","","","","","","","","","","","","","","","","","","","","","","","","71.684924610571","72.0340558165695","72.9871166589783","73.8654628538808","74.7368089760792","75.6122570889679","76.5187956229739","77.4226151926369","78.3500352216739","79.2616312155791","80.1694156119731","80.9843614573906","81.8817250631781","82.775066160682","83.672106734298","84.5651270344325","85.4690603058608","86.2910116530187","87.1928327398163","88.0921191325815","88.922096187865","89.815604554062","90.6191641506255","91.4326989756472","92.3201079166961","92.4000249989679",
"Saudi Arabia","SAU","Improved water source (% of population with access)","SH.H2O.SAFE.ZS","","","","","","","","","","","","","","","","","","","","","","","","","","","","","","","92","92","92.3","92.7","93","93.3","93.7","94","94.3","94.7","95","95.4","95.7","96","96.4","96.7","97","97","97","97","97","97","97","97","97","97",
"Sudan","SDN","Improved water source (% of population with access)","SH.H2O.SAFE.ZS","","","","","","","","","","","","","","","","","","","","","","","","","","","","","","","67.4","67.7","67.3","66.9","66.2","65.5","64.8","64.1","63.4","62.7","62","61.3","60.6","59.9","59.2","58.5","57.7","57","56.3","55.6","54.9","55.4","55.5","55.5","55.5","",
"Senegal","SEN","Improved water source (% of population with access)","SH.H2O.SAFE.ZS","","","","","","","","","","","","","","","","","","","","","","","","","","","","","","","59.9","60.7","61.4","62.2","62.9","63.7","64.4","65.2","65.9","66.7","67.4","68.2","68.9","69.6","70.4","71.1","71.8","72.6","73.3","74.1","74.8","75.6","76.3","77","77.8","78.5",
"Singapore","SGP","Improved water source (% of population with access)","SH.H2O.SAFE.ZS","","","","","","","","","","","","","","","","","","","","","","","","","","","","","","","100","100","100","100","100","100","100","100","100","100","100","100","100","100","100","100","100","100","100","100","100","100","100","100","100","100",
"Solomon Islands","SLB","Improved water source (% of population with access)","SH.H2O.SAFE.ZS","","","","","","","","","","","","","","","","","","","","","","","","","","","","","","","","","","","","","","","","","79.7","79.8","79.8","79.9","80","80","80.1","80.2","80.3","80.3","80.4","80.5","80.5","80.6","80.7","80.8",
"Sierra Leone","SLE","Improved water source (% of population with access)","SH.H2O.SAFE.ZS","","","","","","","","","","","","","","","","","","","","","","","","","","","","","","","36.7","37.8","38.8","39.9","40.9","42","43","44","45.1","46.1","47.2","48.2","49.2","50.2","51.3","52.3","53.3","54.3","55.4","56.4","57.4","58.5","59.5","60.6","61.6","62.6",
"El Salvador","SLV","Improved water source (% of population with access)","SH.H2O.SAFE.ZS","","","","","","","","","","","","","","","","","","","","","","","","","","","","","","","70.2","71.3","72.3","73.6","74.9","76.2","77.4","78.6","79.8","80.7","81.6","82.5","83.4","84.3","85.2","86","86.9","87.7","88.5","89.3","90.1","90.9","91.6","92.4","93.1","93.8",
"San Marino","SMR","Improved water source (% of population with access)","SH.H2O.SAFE.ZS","","","","","","","","","","","","","","","","","","","","","","","","","","","","","","","","","","","","","","","","","","","","","","","","","","","","","","","","",
"Somalia","SOM","Improved water source (% of population with access)","SH.H2O.SAFE.ZS","","","","","","","","","","","","","","","","","","","","","","","","","","","","","","","","","","21","21","21","21","21.1","21.8","22.6","23.5","24.4","25.3","26.3","27.3","28.4","29.5","30.7","30.9","31.2","31.4","31.7","","","","",
"Serbia","SRB","Improved water source (% of population with access)","SH.H2O.SAFE.ZS","","","","","","","","","","","","","","","","","","","","","","","","","","","","","","","99.4","99.4","99.4","99.4","99.4","99.4","99.4","99.4","99.4","99.4","99.4","99.4","99.4","99.4","99.4","99.3","99.3","99.3","99.3","99.3","99.3","99.2","99.2","99.2","99.2","99.2",
"Sub-Saharan Africa (developing only)","SSA","Improved water source (% of population with access)","SH.H2O.SAFE.ZS","","","","","","","","","","","","","","","","","","","","","","","","","","","","","","","46.7954807168469","47.477111829474","48.1403274434436","48.6322241264239","49.5585762987379","50.4024462015703","51.2362931810721","52.1424445235979","52.9899110276216","53.8140657600726","54.6585028865551","55.4995611197211","56.3180645666472","57.1248778785945","57.9627839225025","58.7988662456697","59.6291506280889","60.4631552718186","61.2850195724575","62.1238832745992","62.9438078548771","63.7801827907677","64.9680031763459","65.7745319259881","66.5162065451649","67.5968497090637",
"South Sudan","SSD","Improved water source (% of population with access)","SH.H2O.SAFE.ZS","","","","","","","","","","","","","","","","","","","","","","","","","","","","","","","","","","","","","","","","","","","","","","","","","","","","58.6","58.7","58.7","58.7","58.7",
"Sub-Saharan Africa (all income levels)","SSF","Improved water source (% of population with access)","SH.H2O.SAFE.ZS","","","","","","","","","","","","","","","","","","","","","","","","","","","","","","","46.8024633940663","47.4838731151141","48.1468837593578","48.6385477495396","49.5629190318801","50.4059551397426","51.2389508551197","52.1441554107287","52.9907780935907","53.8141031600992","54.6576302402615","55.4977384762938","56.3154486340941","57.1212842925568","57.9582230495608","58.7933819677863","59.6228988843907","60.4559948019246","61.2770305761321","62.1150678955228","62.9341828537635","63.7697608883301","64.9563391227962","65.7620411573642","66.5030331837463","67.5820478642198",
"Small states","SST","Improved water source (% of population with access)","SH.H2O.SAFE.ZS","","","","","","","","","","","","","","","","","","","","","","","","","","","","","","","79.6190136172444","79.8892578578594","80.1858457454588","80.7750716016242","80.5201568181085","79.9032259352011","80.3361013860835","80.8083276304543","81.6685723277349","82.1481199070849","82.6235922614758","83.1150500072866","83.6146903019795","84.115556570905","84.6130474280935","85.1187691916559","85.6366137927576","86.1682243094126","86.6538250534991","87.1791210755417","87.6785577501286","88.1801315534114","88.6303962635803","88.8970816278287","89.1596543152882","89.3461139219847",
"Sao Tome and Principe","STP","Improved water source (% of population with access)","SH.H2O.SAFE.ZS","","","","","","","","","","","","","","","","","","","","","","","","","","","","","","","","","","","73.9","74","74.2","74.4","74.5","76.4","78.2","80","81.8","83.5","85.3","87","88.7","90.4","92.1","93.7","95.3","97","97","97","97.1","97.1",
"Suriname","SUR","Improved water source (% of population with access)","SH.H2O.SAFE.ZS","","","","","","","","","","","","","","","","","","","","","","","","","","","","","","","","","","","88.3","88.3","88.3","88.4","88.4","88.9","89.3","89.8","90.3","90.8","91.2","91.7","92.1","92.6","93","93.5","93.9","94.4","94.8","94.8","94.8","94.8",
"Slovak Republic","SVK","Improved water source (% of population with access)","SH.H2O.SAFE.ZS","","","","","","","","","","","","","","","","","","","","","","","","","","","","","","","99.8","99.8","99.8","99.8","99.8","99.8","99.8","99.8","99.8","99.8","99.8","99.8","99.9","99.9","99.9","99.9","99.9","99.9","100","100","100","100","100","100","100","100",
"Slovenia","SVN","Improved water source (% of population with access)","SH.H2O.SAFE.ZS","","","","","","","","","","","","","","","","","","","","","","","","","","","","","","","99.6","99.6","99.6","99.6","99.6","99.6","99.6","99.6","99.6","99.6","99.6","99.6","99.6","99.6","99.6","99.6","99.6","99.6","99.6","99.6","99.5","99.5","99.5","99.5","99.5","99.5",
"Sweden","SWE","Improved water source (% of population with access)","SH.H2O.SAFE.ZS","","","","","","","","","","","","","","","","","","","","","","","","","","","","","","","100","100","100","100","100","100","100","100","100","100","100","100","100","100","100","100","100","100","100","100","100","100","100","100","100","100",
"Swaziland","SWZ","Improved water source (% of population with access)","SH.H2O.SAFE.ZS","","","","","","","","","","","","","","","","","","","","","","","","","","","","","","","38.9","38.9","38.9","39","40.8","42.7","44.6","46.5","48.3","50.1","51.9","53.7","55.6","57.4","59.2","61.1","62.9","64.8","66.6","68.5","70.4","72.3","74.2","74.1","74.1","74.1",
"Sint Maarten (Dutch part)","SXM","Improved water source (% of population with access)","SH.H2O.SAFE.ZS","","","","","","","","","","","","","","","","","","","","","","","","","","","","","","","","","","","","","","","","","","","","","","","","","","","","","","","","",
"Seychelles","SYC","Improved water source (% of population with access)","SH.H2O.SAFE.ZS","","","","","","","","","","","","","","","","","","","","","","","","","","","","","","","95.7","95.7","95.7","95.7","95.7","95.7","95.7","95.7","95.7","95.7","95.7","95.7","95.7","95.7","95.7","95.7","95.7","95.7","95.7","95.7","95.7","95.7","95.7","95.7","95.7","95.7",
"Syrian Arab Republic","SYR","Improved water source (% of population with access)","SH.H2O.SAFE.ZS","","","","","","","","","","","","","","","","","","","","","","","","","","","","","","","85.7","85.7","85.8","85.8","85.9","86.1","86.4","86.7","87","87.2","87.5","87.8","88","88.2","88.5","88.7","88.9","89.1","89.3","89.5","89.7","89.9","90.1","90.1","90.1","90.1",
"Turks and Caicos Islands","TCA","Improved water source (% of population with access)","SH.H2O.SAFE.ZS","","","","","","","","","","","","","","","","","","","","","","","","","","","","","","","","","","","","87","87","87","87","87","87.1","87.1","87.1","87.1","87","87","87.1","87.1","","","","","","","","",
"Chad","TCD","Improved water source (% of population with access)","SH.H2O.SAFE.ZS","","","","","","","","","","","","","","","","","","","","","","","","","","","","","","","39.8","40.3","40.8","41.3","41.8","42.3","42.8","43.3","43.8","44.3","44.7","45.2","45.7","46.2","46.7","47.2","47.7","48.2","48.7","49.2","49.7","50.2","50.7","50.8","50.8","50.8",
"Togo","TGO","Improved water source (% of population with access)","SH.H2O.SAFE.ZS","","","","","","","","","","","","","","","","","","","","","","","","","","","","","","","47.5","48.1","48.7","49.3","49.9","50.5","51.1","51.7","52.3","53","53.6","54.2","54.8","55.4","56","56.7","57.3","57.9","58.6","59.2","59.8","60.5","61.1","61.8","62.4","63.1",
"Thailand","THA","Improved water source (% of population with access)","SH.H2O.SAFE.ZS","","","","","","","","","","","","","","","","","","","","","","","","","","","","","","","87.3","87.8","88.2","88.7","89.2","89.6","90.1","90.5","91","91.4","91.9","92.4","92.9","93.3","93.8","94.3","94.7","95.2","95.6","96","96.4","96.8","97.1","97.5","97.8","97.8",
"Tajikistan","TJK","Improved water source (% of population with access)","SH.H2O.SAFE.ZS","","","","","","","","","","","","","","","","","","","","","","","","","","","","","","","","","","58.2","57.9","57.7","57.4","57.2","57.9","58.7","59.6","60.6","61.5","62.5","63.6","64.6","65.6","66.6","67.6","68.6","69.7","70.7","71.7","72.7","73.7","73.8",
"Turkmenistan","TKM","Improved water source (% of population with access)","SH.H2O.SAFE.ZS","","","","","","","","","","","","","","","","","","","","","","","","","","","","","","","","","","","59","59","59.1","59.3","59.4","59.5","59.6","59.7","59.9","60","60.1","60.2","60.4","","","","","","","","","",
"Timor-Leste","TLS","Improved water source (% of population with access)","SH.H2O.SAFE.ZS","","","","","","","","","","","","","","","","","","","","","","","","","","","","","","","","","","","","52.8","52.9","52.9","53","53.1","54.3","55.6","56.9","58.2","59.6","60.9","62.4","63.8","65.2","66.7","68.2","69.7","71.2","71.4","71.7","71.9",
"Tonga","TON","Improved water source (% of population with access)","SH.H2O.SAFE.ZS","","","","","","","","","","","","","","","","","","","","","","","","","","","","","","","98.6","98.6","98.6","98.6","98.6","98.6","98.6","98.6","98.6","98.6","98.6","98.6","98.6","98.6","98.6","98.7","98.8","98.9","99","99.1","99.2","99.3","99.4","99.5","99.6","99.6",
"Trinidad and Tobago","TTO","Improved water source (% of population with access)","SH.H2O.SAFE.ZS","","","","","","","","","","","","","","","","","","","","","","","","","","","","","","","91.6","91.8","91.9","92.1","92.3","92.5","92.6","92.8","93","93.1","93.3","93.5","93.6","93.8","94","94.1","94.3","94.5","94.6","94.8","95","95.1","95.1","95.1","95.1","95.1",
"Tunisia","TUN","Improved water source (% of population with access)","SH.H2O.SAFE.ZS","","","","","","","","","","","","","","","","","","","","","","","","","","","","","","","82.5","83.4","84.2","85","85.8","86.5","87.2","87.9","88.6","89.2","89.9","90.5","91.1","91.8","92.4","92.9","93.5","94.1","94.7","95.2","95.8","96.3","96.9","97.3","97.7","97.7",
"Turkey","TUR","Improved water source (% of population with access)","SH.H2O.SAFE.ZS","","","","","","","","","","","","","","","","","","","","","","","","","","","","","","","86.2","86.4","87.1","87.8","88.5","89.2","89.9","90.6","91.2","91.9","92.6","93.2","93.8","94.5","95.1","95.7","96.3","96.9","97.5","98","98.6","99.1","99.5","99.8","100","100",
"Tuvalu","TUV","Improved water source (% of population with access)","SH.H2O.SAFE.ZS","","","","","","","","","","","","","","","","","","","","","","","","","","","","","","","89.8","90.3","90.7","91.1","91.5","91.9","92.3","92.8","93.2","93.6","94","94.4","94.8","95.2","95.6","96","96.4","96.9","97.3","97.7","97.7","97.7","97.7","97.7","97.7","97.7",
"Tanzania","TZA","Improved water source (% of population with access)","SH.H2O.SAFE.ZS","","","","","","","","","","","","","","","","","","","","","","","","","","","","","","","53.9","54","54","54.1","54.1","54.2","54.2","54.3","54.3","54.3","54.4","54.4","54.4","54.5","54.6","54.7","54.8","54.9","55","55.1","55.2","55.3","55.4","55.4","55.5","55.6",
"Uganda","UGA","Improved water source (% of population with access)","SH.H2O.SAFE.ZS","","","","","","","","","","","","","","","","","","","","","","","","","","","","","","","40.4","42","43.6","45.2","46.8","48.4","50","51.6","53.2","54.8","56.4","58","59.6","61.2","62.8","64.5","66.1","67.7","69.3","70.9","72.5","74.2","75.8","77.4","78.9","79",
"Ukraine","UKR","Improved water source (% of population with access)","SH.H2O.SAFE.ZS","","","","","","","","","","","","","","","","","","","","","","","","","","","","","","","","","","","97.5","97.5","97.5","97.5","97.5","97.6","97.6","97.5","97.4","97.4","97.3","97.2","97.1","97","96.9","96.8","96.7","96.6","96.5","96.4","96.3","96.2",
"Upper middle income","UMC","Improved water source (% of population with access)","SH.H2O.SAFE.ZS","","","","","","","","","","","","","","","","","","","","","","","","","","","","","","","73.9973160353376","75.0186814208299","76.1127342954689","77.1401926343193","78.1658360513401","79.1758372097953","80.1366633758016","81.0872029402467","82.0376148118587","82.9944460382471","83.8946155679503","84.8276835087459","85.7362133249222","86.60719911123","87.4807179695226","88.2774320608098","89.0815644610974","89.9348669371372","90.6555801952696","91.3771006067247","92.0429868416975","92.69637579462","93.3347377436497","93.9065312319704","94.4549560115259","94.8650396079884",
"Uruguay","URY","Improved water source (% of population with access)","SH.H2O.SAFE.ZS","","","","","","","","","","","","","","","","","","","","","","","","","","","","","","","94.8","94.9","95","95.1","95.2","95.4","95.7","96","96.3","96.5","96.8","97","97.3","97.5","97.7","97.9","98.1","98.4","98.6","98.7","98.9","99.1","99.3","99.5","99.6","99.7",
"United States","USA","Improved water source (% of population with access)","SH.H2O.SAFE.ZS","","","","","","","","","","","","","","","","","","","","","","","","","","","","","","","98.4","98.4","98.5","98.5","98.6","98.6","98.7","98.7","98.7","98.8","98.8","98.8","98.9","98.9","98.9","99","99","99","99","99.1","99.1","99.1","99.1","99.2","99.2","99.2",
"Uzbekistan","UZB","Improved water source (% of population with access)","SH.H2O.SAFE.ZS","","","","","","","","","","","","","","","","","","","","","","","","","","","","","","","90","89.9","89.9","89.8","89.8","89.6","89.4","89.2","89.1","88.9","88.7","88.5","88.4","88.2","88","87.8","87.6","87.5","87.3","87.3","87.3","87.3","87.3","","","",
"St. Vincent and the Grenadines","VCT","Improved water source (% of population with access)","SH.H2O.SAFE.ZS","","","","","","","","","","","","","","","","","","","","","","","","","","","","","","","88.2","88.7","89.2","89.8","90.3","90.8","91.3","91.9","92.4","92.9","93.5","94","94.5","95.1","95.1","95.1","95.1","95.1","95.1","95.1","95.1","95.1","95.1","95.1","95.1","95.1",
"Venezuela, RB","VEN","Improved water source (% of population with access)","SH.H2O.SAFE.ZS","","","","","","","","","","","","","","","","","","","","","","","","","","","","","","","88.8","89","89.3","89.5","89.8","90","90.2","90.4","90.7","90.9","91.1","91.3","91.5","91.6","91.8","91.9","92.1","92.2","92.4","92.5","92.7","92.8","92.9","93.1","93.1","93.1",
"Virgin Islands (U.S.)","VIR","Improved water source (% of population with access)","SH.H2O.SAFE.ZS","","","","","","","","","","","","","","","","","","","","","","","","","","","","","","","100","100","100","100","100","100","100","100","100","100","100","100","100","100","100","100","100","100","100","100","100","100","100","100","100","100",
"Vietnam","VNM","Improved water source (% of population with access)","SH.H2O.SAFE.ZS","","","","","","","","","","","","","","","","","","","","","","","","","","","","","","","62.7","64.2","65.7","67.2","68.7","70.1","71.6","73.1","74.5","75.9","77.4","78.9","80.3","81.7","83.1","84.5","85.9","87.3","88.6","89.9","91.3","92.6","93.8","95.1","96.4","97.6",
"Vanuatu","VUT","Improved water source (% of population with access)","SH.H2O.SAFE.ZS","","","","","","","","","","","","","","","","","","","","","","","","","","","","","","","62.4","63.7","65.1","66.5","67.8","69.2","70.5","71.8","73.2","74.5","75.8","77.1","78.4","79.7","80.9","82.2","83.5","84.7","86","87.2","88.4","89.7","90.9","92.1","93.3","94.5",
"West Bank and Gaza","PSE","Improved water source (% of population with access)","SH.H2O.SAFE.ZS","","","","","","","","","","","","","","","","","","","","","","","","","","","","","","","","95.8","95.8","95.9","96","96","96","96","95","92.9","90.9","88.8","86.7","84.6","82.4","80.3","78.2","76","73.8","71.7","69.5","67.3","65.1","62.8","60.6","58.4",
"World","WLD","Improved water source (% of population with access)","SH.H2O.SAFE.ZS","","","","","","","","","","","","","","","","","","","","","","","","","","","","","","","76.0763184186659","76.6808435560626","77.351869906226","77.9051063825654","78.6856847821954","79.325337023832","79.9593577214281","80.5844760565941","81.2280672437044","81.8705556864143","82.4956656222645","83.1078593272229","83.7303227503382","84.3390705574565","84.9538723892386","85.5464615844291","86.1399876669521","86.7309745571633","87.2952283300226","87.8630685492071","88.3929510679144","88.8966244664349","89.4868678640372","90.0603902306209","90.5476216790913","90.9654238461792",
"Samoa","WSM","Improved water source (% of population with access)","SH.H2O.SAFE.ZS","","","","","","","","","","","","","","","","","","","","","","","","","","","","","","","88.9","89.4","89.8","90.2","90.7","91.1","91.6","92","92.4","92.9","93.3","93.8","94.2","94.6","95","95.5","95.9","96.3","96.8","97.2","97.6","98.1","98.5","99","99","99",
"Yemen, Rep.","YEM","Improved water source (% of population with access)","SH.H2O.SAFE.ZS","","","","","","","","","","","","","","","","","","","","","","","","","","","","","","","66.3","65.7","65.1","64.5","63.9","63.3","62.6","61.9","61.3","60.6","59.9","59.2","58.5","57.9","57.2","56.5","55.7","55","54.3","54.5","54.6","54.7","54.9","","","",
"South Africa","ZAF","Improved water source (% of population with access)","SH.H2O.SAFE.ZS","","","","","","","","","","","","","","","","","","","","","","","","","","","","","","","82.8","83","83.1","83.3","83.4","84","84.5","85","85.5","86","86.5","87","87.4","87.9","88.4","88.9","89.4","89.8","90.3","90.7","91.1","91.6","92","92.4","92.8","93.2",
"Congo, Dem. Rep.","COD","Improved water source (% of population with access)","SH.H2O.SAFE.ZS","","","","","","","","","","","","","","","","","","","","","","","","","","","","","","","43.6","43.9","44.2","44.4","44.8","45.2","45.6","46","46.4","46.8","47.1","47.5","47.9","48.2","48.6","49","49.3","49.7","50","50.4","50.7","51.1","51.4","51.8","52.1","52.4",
"Zambia","ZMB","Improved water source (% of population with access)","SH.H2O.SAFE.ZS","","","","","","","","","","","","","","","","","","","","","","","","","","","","","","","49.2","49.5","49.9","50.2","50.6","51","51.3","51.7","52.2","52.6","53","53.8","54.7","55.5","56.4","57.3","58.1","59","59.8","60.6","61.4","62.2","63","63.8","64.6","65.4",
"Zimbabwe","ZWE","Improved water source (% of population with access)","SH.H2O.SAFE.ZS","","","","","","","","","","","","","","","","","","","","","","","","","","","","","","","79.4","79.5","79.6","79.6","79.5","79.5","79.5","79.5","79.4","79.4","79.4","79.4","79.4","79.2","79","78.8","78.6","78.4","78.2","78","77.9","77.7","77.5","77.3","77.1","76.9",
